Workbook

Sheet watf_2016
B1: Region | C1: Entity | D1: Metric | E1: 2015 | F1: 2016 | G1: 2017 | H1: 2018 | I1: 2019 | J1: 2020 | K1: 2021 | L1: 2022 | M1: 2023 | N1: 2024 | O1: 2025 | P1: 2026 | Q1: 2027 | R1: 2028 | S1: 2029 | T1: 2030 | U1: 2031 | V1: 2032 | W1: 2033 | X1: 2034 | Y1: 2035 | Z1: 2036 | AA1: 2037 | AB1: 2038 | AC1: 2039 | AD1: 2040
A2: =D2&"_"&C2 -> Total Passengers_Zambia | B2: Africa | C2: Zambia | D2: Total Passengers | E2: 1581561 | F2: 1580311 | G2: 1558152 | H2: 1577896 | I2: 1623928 | J2: 1708052 | K2: 1781587 | L2: 1857935 | M2: 1933089 | N2: 1998742 | O2: 2040616 | P2: 2106573 | Q2: 2191488 | R2: 2257996 | S2: 2337325 | T2: 2401727 | U2: 2469853 | V2: 2575277 | W2: 2681840 | X2: 2790375 | Y2: 2899680 | Z2: 3007120 | AA2: 3130669 | AB2: 3258816 | AC2: 3389439 | AD2: 3522657
A3: =D3&"_"&C3 -> International Passengers_Zambia | B3: Africa | C3: Zambia | D3: International Passengers | E3: 1085451 | F3: 1120771 | G3: 1128838 | H3: 1149901 | I3: 1183361 | J3: 1237982 | K3: 1284515 | L3: 1328611 | M3: 1368558 | N3: 1400975 | O3: 1414411 | P3: 1440330 | Q3: 1474000 | R3: 1493521 | S3: 1519756 | T3: 1533856 | U3: 1548300 | V3: 1578344 | W3: 1608143 | X3: 1637668 | Y3: 1666358 | Z3: 1691408 | AA3: 1723550 | AB3: 1757187 | AC3: 1790558 | AD3: 1823435
A4: =D4&"_"&C4 -> Domestic Passengers_Zambia | B4: Africa | C4: Zambia | D4: Domestic Passengers | E4: 289835 | F4: 253597 | G4: 213884 | H4: 204483 | I4: 206595 | J4: 220366 | K4: 232683 | L4: 247424 | M4: 263460 | N4: 278415 | O4: 290992 | P4: 309485 | Q4: 333434 | R4: 355807 | S4: 381046 | T4: 405574 | U4: 431739 | V4: 468903 | W4: 507161 | X4: 546852 | Y4: 587617 | Z4: 629821 | AA4: 676667 | AB4: 725222 | AC4: 775343 | AD4: 826981
A5: =D5&"_"&C5 -> Total Cargo_Zambia | B5: Africa | C5: Zambia | D5: Total Cargo | E5: 15999 | F5: 21347.706 | G5: 25379.133 | H5: 28859.788 | I5: 32095.973 | J5: 33831.065 | K5: 35168.597 | L5: 36628.288 | M5: 38024.192 | N5: 39080.974 | O5: 39919.77 | P5: 41092.136 | Q5: 42829.74 | R5: 43760.503 | S5: 45006.79 | T5: 45658.983 | U5: 46508.409 | V5: 48453.569 | W5: 50186.511 | X5: 51813.927 | Y5: 53294.057 | Z5: 54674.109 | AA5: 56255.308 | AB5: 57676.595 | AC5: 58936.322 | AD5: 60022.813
A6: =D6&"_"&C6 -> Total Aircraft Movements_Zambia | B6: Africa | C6: Zambia | D6: Total Aircraft Movements | E6: 68150 | F6: 65100.169 | G6: 66570.546 | H6: 67358.45 | I6: 68093.525 | J6: 69036.569 | K6: 69438.743 | L6: 69869.644 | M6: 70190.163 | N6: 70128.428 | O6: 69228.821 | P6: 69069.656 | Q6: 69461.319 | R6: 69194.022 | S6: 69265.833 | T6: 68858.56 | U6: 68513.612 | V6: 68980.927 | W6: 69285.878 | X6: 69548.754 | Y6: 69706.176 | Z6: 69735.128 | AA6: 69982.968 | AB6: 70173.989 | AC6: 70280.12 | AD6: 70310.324
A7: =D7&"_"&C7 -> Total Passengers_Vietnam | B7: Asia-Pacific | C7: Vietnam | D7: Total Passengers | E7: 63125461 | F7: 72733238 | G7: 85137052 | H7: 97730317 | I7: 111137061 | J7: 125704700 | K7: 141252500 | L7: 157734210 | M7: 175172422 | N7: 193622636 | O7: 213629722 | P7: 232673725 | Q7: 252864214 | R7: 274426394 | S7: 297486922 | T7: 322134740 | U7: 348436024 | V7: 375414171 | W7: 404079581 | X7: 434518353 | Y7: 466806089 | Z7: 501019458 | AA7: 534813013 | AB7: 570463536 | AC7: 608043784 | AD7: 647624912
A8: =D8&"_"&C8 -> International Passengers_Vietnam | B8: Asia-Pacific | C8: Vietnam | D8: International Passengers | E8: 19109555 | F8: 20519067 | G8: 21925284 | H8: 25042994 | I8: 29403314 | J8: 35766016 | K8: 43105821 | L8: 51406538 | M8: 60725620 | N8: 71006819 | O8: 82790779 | P8: 94833527 | Q8: 108041294 | R8: 122490101 | S8: 138330522 | T8: 155614676 | U8: 174479943 | V8: 194348194 | W8: 215769564 | X8: 238817028 | Y8: 263631228 | Z8: 290212305 | AA8: 317078435 | AB8: 345655425 | AC8: 376012054 | AD8: 408257788
A9: =D9&"_"&C9 -> Domestic Passengers_Vietnam | B9: Asia-Pacific | C9: Vietnam | D9: Domestic Passengers | E9: 44015906 | F9: 52146303 | G9: 63088068 | H9: 72479854 | I9: 81369038 | J9: 89367431 | K9: 97322739 | L9: 105196887 | M9: 112956413 | N9: 120707774 | O9: 128428468 | P9: 134871239 | Q9: 141183956 | R9: 147501200 | S9: 153776350 | T9: 160039693 | U9: 166190000 | V9: 171838235 | W9: 177394168 | X9: 182857752 | Y9: 188192829 | Z9: 193419472 | AA9: 197811753 | AB9: 202065822 | AC9: 206167707 | AD9: 210051612
A10: =D10&"_"&C10 -> Total Cargo_Vietnam | B10: Asia-Pacific | C10: Vietnam | D10: Total Cargo | E10: 973401 | F10: 1163656 | G10: 1416299.1 | H10: 1673169.3 | I10: 1948190.7 | J10: 2249115.2 | K10: 2571910 | L10: 2915543.2 | M10: 3280518.7 | N10: 3668075.1 | O10: 4090370.1 | P10: 4491175.7 | Q10: 4917562.9 | R10: 5374556.6 | S10: 5864983 | T10: 6390826.6 | U10: 6953564 | V10: 7531404.2 | W10: 8146892.4 | X10: 8801949.6 | Y10: 9498262.7 | Z10: 10237543 | AA10: 10967455 | AB10: 11738802 | AC10: 12553207 | AD10: 13412258
A11: =D11&"_"&C11 -> Total Aircraft Movements_Vietnam | B11: Asia-Pacific | C11: Vietnam | D11: Total Aircraft Movements | E11: 449101 | F11: 508739.27 | G11: 583506.22 | H11: 659298.25 | I11: 739491.82 | J11: 825966.72 | K11: 917745.03 | L11: 1014576.5 | M11: 1116583.4 | N11: 1224065.9 | O11: 1339972.4 | P11: 1450667.8 | Q11: 1567566.6 | R11: 1691887.3 | S11: 1824315.2 | T11: 1965331.5 | U11: 2115294.3 | V11: 2268919.5 | W11: 2431674 | X11: 2604023.8 | Y11: 2786377.9 | Z11: 2979151.1 | AA11: 3169652.9 | AB11: 3370202.2 | AC11: 3581192.8 | AD11: 3803009.7
A12: =D12&"_"&C12 -> Total Passengers_United States | B12: North America | C12: United States | D12: Total Passengers | E12: 1590694448 | F12: 1682748982 | G12: 1778477380 | H12: 1857160818 | I12: 1925599883 | J12: 1980503494 | K12: 2034698235 | L12: 2088664348 | M12: 2141934605 | N12: 2194788772 | O12: 2247539254 | P12: 2300095595 | Q12: 2353903636 | R12: 2408903635 | S12: 2465141287 | T12: 2522736827 | U12: 2581211547 | V12: 2640656921 | W12: 2700897975 | X12: 2761653190 | Y12: 2822908476 | Z12: 2884557632 | AA12: 2947161722 | AB12: 3010556383 | AC12: 3074656111 | AD12: 3139850520
A13: =D13&"_"&C13 -> International Passengers_United States | B13: North America | C13: United States | D13: International Passengers | E13: 201404404 | F13: 215796097 | G13: 230925547 | H13: 249994798 | I13: 271085312 | J13: 293525642 | K13: 316499929 | L13: 340087686 | M13: 364050265 | N13: 388338990 | O13: 413183033 | P13: 438757900 | Q13: 465847717 | R13: 494384855 | S13: 524403223 | T13: 556053056 | U13: 589172798 | V13: 623800563 | W13: 659932473 | X13: 697392983 | Y13: 736149475 | Z13: 776215071 | AA13: 817924779 | AB13: 861275356 | AC13: 906328851 | AD13: 953486312
... A73: =D73&"_"&C73 -> International Passengers_Sri Lanka | B73: Asia-Pacific | C73: Sri Lanka | D73: International Passengers | E73: 7238597 | F73: 8215144 | G73: 8672581 | H73: 9218494 | I73: 9811428 | J73: 10474920 | K73: 11156151 | L73: 11856121 | M73: 12567367 | N73: 13252719 | O73: 13987256 | P73: 14769176 | Q73: 15520133 | R73: 16273765 | S73: 17024128 | T73: 17774803 | U73: 18519777 | V73: 19236440 | W73: 19936916 | X73: 20616973 | Y73: 21204902 | Z73: 21758397 | AA73: 22302177 | AB73: 22817806 | AC73: 23303697 | AD73: 23762595
A74: =D74&"_"&C74 -> Domestic Passengers_Sri Lanka | B74: Asia-Pacific | C74: Sri Lanka | D74: Domestic Passengers | E74: - | F74: - | G74: - | H74: - | I74: - | J74: - | K74: - | L74: - | M74: - | N74: - | O74: - | P74: - | Q74: - | R74: - | S74: - | T74: - | U74: - | V74: - | W74: - | X74: - | Y74: - | Z74: - | AA74: - | AB74: - | AC74: - | AD74: -
A75: =D75&"_"&C75 -> Total Cargo_Sri Lanka | B75: Asia-Pacific | C75: Sri Lanka | D75: Total Cargo | E75: 223624 | F75: 233801.61 | G75: 244913.32 | H75: 256423.58 | I75: 268464.5 | J75: 281279.78 | K75: 294853.69 | L75: 309070.87 | M75: 323943.61 | N75: 338936.33 | O75: 355372.1 | P75: 372543.33 | Q75: 389681.8 | R75: 407582.74 | S75: 426242.17 | T75: 445796.48 | U75: 466203.37 | V75: 486666.94 | W75: 507934.6 | X75: 530027.4 | Y75: 552972.56 | Z75: 576770.52 | AA75: 600512.47 | AB75: 625039.04 | AC75: 650357.53 | AD75: 676472.37
A76: =D76&"_"&C76 -> Total Aircraft Movements_Sri Lanka | B76: Asia-Pacific | C76: Sri Lanka | D76: Total Aircraft Movements | E76: 61538 | F76: 67421.426 | G76: 69482.286 | H76: 71548.94 | I76: 73555.732 | J76: 75450.885 | K76: 77277.206 | L76: 79049.804 | M76: 80708.799 | N76: 82043.741 | O76: 83546.814 | P76: 85219.792 | Q76: 86582.322 | R76: 87835.981 | S76: 88967.726 | T76: 89971.287 | U76: 90849.129 | V76: 91504.924 | W76: 92000.246 | X76: 92346.012 | Y76: 92199.634 | Z76: 91851.431 | AA76: 91411.822 | AB76: 90801.637 | AC76: 90036.754 | AD76: 89148.348
A77: =D77&"_"&C77 -> Total Passengers_Spain | B77: Europe | C77: Spain | D77: Total Passengers | E77: 206937709 | F77: 230285002 | G77: 251159813 | H77: 270649403 | I77: 289234805 | J77: 305188696 | K77: 320565204 | L77: 335727159 | M77: 350330682 | N77: 365624053 | O77: 379394128 | P77: 390537803 | Q77: 401593365 | R77: 412290697 | S77: 422306453 | T77: 431404573 | U77: 440028274 | V77: 448553542 | W77: 456541725 | X77: 464159811 | Y77: 471469116 | Z77: 478323031 | AA77: 484853219 | AB77: 490909386 | AC77: 496727714 | AD77: 502146334
A78: =D78&"_"&C78 -> International Passengers_Spain | B78: Europe | C78: Spain | D78: International Passengers | E78: 144394058 | F78: 158580045 | G78: 172801355 | H78: 188179932 | I78: 204000059 | J78: 215421818 | K78: 226439557 | L78: 237289436 | M78: 247729547 | N78: 258641668 | O78: 268474618 | P78: 276461339 | Q78: 284380239 | R78: 292040375 | S78: 299223758 | T78: 305747357 | U78: 311927071 | V78: 317992241 | W78: 323588438 | X78: 328903677 | Y78: 333981196 | Z78: 338720283 | AA78: 343208888 | AB78: 347336070 | AC78: 351258213 | AD78: 354848174
A79: =D79&"_"&C79 -> Domestic Passengers_Spain | B79: Europe | C79: Spain | D79: Domestic Passengers | E79: 62103796 | F79: 70966875 | G79: 77829180 | H79: 81587302 | I79: 83558510 | J79: 87431236 | K79: 91149757 | L79: 94822887 | M79: 98328250 | N79: 101965951 | O79: 105181491 | P79: 107695093 | Q79: 110143898 | R79: 112470010 | S79: 114631543 | T79: 116555771 | U79: 118364453 | V79: 120139893 | W79: 121775396 | X79: 123295433 | Y79: 124749988 | Z79: 126118588 | AA79: 127408601 | AB79: 128588085 | AC79: 129685978 | AD79: 130666871
A80: =D80&"_"&C80 -> Total Cargo_Spain | B80: Europe | C80: Spain | D80: Total Cargo | E80: 747457 | F80: 801680.17 | G80: 800064.3 | H80: 805957.38 | I80: 815904.94 | J80: 829991.18 | K80: 844028.25 | L80: 857066.86 | M80: 869469 | N80: 881377.6 | O80: 892400.8 | P80: 902544.67 | Q80: 912142.34 | R80: 920676.31 | S80: 928239.37 | T80: 935296.42 | U80: 942053.69 | V80: 948524.57 | W80: 954096.61 | X80: 958740.01 | Y80: 962207.13 | Z80: 964408.67 | AA80: 965346.39 | AB80: 964799.84 | AC80: 962957.96 | AD80: 959978.61
A81: =D81&"_"&C81 -> Total Aircraft Movements_Spain | B81: Europe | C81: Spain | D81: Total Aircraft Movements | E81: 1902694 | F81: 2056060 | G81: 2190050.3 | H81: 2330647.6 | I81: 2471008.2 | J81: 2601281.7 | K81: 2727709.3 | L81: 2852136.1 | M81: 2971153.8 | N81: 3093780.8 | O81: 3200926 | P81: 3284610.2 | Q81: 3366925.8 | R81: 3445635.4 | S81: 3517887 | T81: 3581951.8 | U81: 3639768.1 | V81: 3695427.7 | W81: 3745285.1 | X81: 3793022.1 | Y81: 3838450.1 | Z81: 3880812.1 | AA81: 3920417.5 | AB81: 3956594.1 | AC81: 3991065.3 | AD81: 4022285.4
A82: =D82&"_"&C82 -> Total Passengers_South Africa | B82: Africa | C82: South Africa | D82: Total Passengers | E82: 38078886 | F82: 40710528 | G82: 41945279 | H82: 43271431 | I82: 44776362 | J82: 46737002 | K82: 48659578 | L82: 50489712 | M82: 52149857 | N82: 53646163 | O82: 54549191 | P82: 55650482 | Q82: 56679003 | R82: 57700791 | S82: 58674376 | T82: 59585691 | U82: 60310593 | V82: 61013066 | W82: 61728125 | X82: 62418213 | Y82: 63091831 | Z82: 63644776 | AA82: 64282605 | AB82: 64979786 | AC82: 65698538 | AD82: 66461833
A83: =D83&"_"&C83 -> International Passengers_South Africa | B83: Africa | C83: South Africa | D83: International Passengers | E83: 11592085 | F83: 11850337 | G83: 11622428 | H83: 11989885 | I83: 12406880 | J83: 12950145 | K83: 13482862 | L83: 13989966 | M83: 14449968 | N83: 14864573 | O83: 15114788 | P83: 15419940 | Q83: 15704928 | R83: 15988051 | S83: 16257817 | T83: 16510330 | U83: 16711189 | V83: 16905834 | W83: 17103967 | X83: 17295180 | Y83: 17481830 | Z83: 17635043 | AA83: 17811776 | AB83: 18004955 | AC83: 18204111 | AD83: 18415608
A84: =D84&"_"&C84 -> Domestic Passengers_South Africa | B84: Africa | C84: South Africa | D84: Domestic Passengers | E84: 26378864 | F84: 28744795 | G84: 30203955 | H84: 31158890 | I84: 32242561 | J84: 33654379 | K84: 35038787 | L84: 36356630 | M84: 37552067 | N84: 38629527 | O84: 39279779 | P84: 40072797 | Q84: 40813414 | R84: 41549183 | S84: 42250242 | T84: 42906462 | U84: 43428449 | V84: 43934286 | W84: 44449186 | X84: 44946104 | Y84: 45431163 | Z84: 45829328 | AA84: 46288616 | AB84: 46790642 | AC84: 47308201 | AD84: 47857834
A85: =D85&"_"&C85 -> Total Cargo_South Africa | B85: Africa | C85: South Africa | D85: Total Cargo | E85: 328658 | F85: 331316.81 | G85: 353385.67 | H85: 387692.74 | I85: 428597.84 | J85: 471831.66 | K85: 518165.56 | L85: 564823.02 | M85: 608820.06 | N85: 648112.84 | O85: 680821.99 | P85: 710131.92 | Q85: 738010.04 | R85: 764857.92 | S85: 791261.35 | T85: 817628.47 | U85: 844175.1 | V85: 870612.3 | W85: 896581.36 | X85: 921737.11 | Y85: 945709.57 | Z85: 968362.18 | AA85: 989828.07 | AB85: 1010086.7 | AC85: 1030520.3 | AD85: 1052107.1
A86: =D86&"_"&C86 -> Total Aircraft Movements_South Africa | B86: Africa | C86: South Africa | D86: Total Aircraft Movements | E86: 588669 | F86: 591559.96 | G86: 598031.84 | H86: 603814.25 | I86: 611488.36 | J86: 619117.13 | K86: 626255.25 | L86: 632620.43 | M86: 637810.72 | N86: 641786.66 | O86: 637419.21 | P86: 638325.75 | Q86: 638917.75 | R86: 640576.55 | S86: 642145.14 | T86: 643187.85 | U86: 642880.89 | V86: 642705.18 | W86: 642603.02 | X86: 642493.83 | Y86: 642312.92 | Z86: 641218.5 | AA86: 640586.31 | AB86: 640152.32 | AC86: 639955.78 | AD86: 640185.47
... A88: =D88&"_"&C88 -> International Passengers_Singapore | B88: Asia-Pacific | C88: Singapore | D88: International Passengers | E88: 54836000 | F88: 58670122 | G88: 58631963 | H88: 59965185 | I88: 61971046 | J88: 64849485 | K88: 67814555 | L88: 70857097 | M88: 73825838 | N88: 76699769 | O88: 79382653 | P88: 82031853 | Q88: 84710385 | R88: 87407314 | S88: 90147702 | T88: 92960229 | U88: 95194506 | V88: 97454720 | W88: 99708280 | X88: 101953813 | Y88: 104250402 | Z88: 106491497 | AA88: 108753382 | AB88: 111019493 | AC88: 113323242 | AD88: 115683276
A89: =D89&"_"&C89 -> Domestic Passengers_Singapore | B89: Asia-Pacific | C89: Singapore | D89: Domestic Passengers | E89: - | F89: - | G89: - | H89: - | I89: - | J89: - | K89: - | L89: - | M89: - | N89: - | O89: - | P89: - | Q89: - | R89: - | S89: - | T89: - | U89: - | V89: - | W89: - | X89: - | Y89: - | Z89: - | AA89: - | AB89: - | AC89: - | AD89: -
A90: =D90&"_"&C90 -> Total Cargo_Singapore | B90: Asia-Pacific | C90: Singapore | D90: Total Cargo | E90: 1887000 | F90: 1887799 | G90: 1903068.9 | H90: 1925453.2 | I90: 1948057.9 | J90: 1981312.4 | K90: 2004442.5 | L90: 2030012.3 | M90: 2053458.2 | N90: 2075116.3 | O90: 2089911.7 | P90: 2100457.2 | Q90: 2110821 | R90: 2121507.3 | S90: 2133041.7 | T90: 2146261.9 | U90: 2170594.3 | V90: 2196472.4 | W90: 2223493.8 | X90: 2251282.3 | Y90: 2279458.5 | Z90: 2307512.1 | AA90: 2335661.7 | AB90: 2364634.9 | AC90: 2395196.5 | AD90: 2428163.3
A91: =D91&"_"&C91 -> Total Aircraft Movements_Singapore | B91: Asia-Pacific | C91: Singapore | D91: Total Aircraft Movements | E91: 351290 | F91: 360722.31 | G91: 360986.47 | H91: 366394.77 | I91: 374301.21 | J91: 384428.48 | K91: 394507.99 | L91: 404682.84 | M91: 414080.06 | N91: 422655.27 | O91: 430041.31 | P91: 437151.39 | Q91: 444294.57 | R91: 451380.36 | S91: 458578.81 | T91: 465868.58 | U91: 470153.25 | V91: 474412.31 | W91: 478464.59 | X91: 482421.69 | Y91: 486258.42 | Z91: 489564.45 | AA91: 492571.14 | AB91: 495239.53 | AC91: 497765.97 | AD91: 500278.47
A92: =D92&"_"&C92 -> Total Passengers_Serbia | B92: Europe | C92: Serbia | D92: Total Passengers | E92: 4815913 | F92: 4882878 | G92: 4984695 | H92: 5249009 | I92: 5611542 | J92: 6115100 | K92: 6566108 | L92: 7031273 | M92: 7518246 | N92: 8025590 | O92: 8512446 | P92: 9008961 | Q92: 9515467 | R92: 9952732 | S92: 10367512 | T92: 10759142 | U92: 11132883 | V92: 11518999 | W92: 12072091 | X92: 12468582 | Y92: 12835496 | Z92: 13171788 | AA92: 13488830 | AB92: 13708407 | AC92: 13894457 | AD92: 14053998
A93: =D93&"_"&C93 -> International Passengers_Serbia | B93: Europe | C93: Serbia | D93: International Passengers | E93: 4812156 | F93: 4879069 | G93: 4980807 | H93: 5244914 | I93: 5607164 | J93: 6110330 | K93: 6560986 | L93: 7025788 | M93: 7512381 | N93: 8019329 | O93: 8505805 | P93: 9001933 | Q93: 9508044 | R93: 9944967 | S93: 10359424 | T93: 10750748 | U93: 11124198 | V93: 11510013 | W93: 12062674 | X93: 12458855 | Y93: 12825483 | Z93: 13161513 | AA93: 13478308 | AB93: 13697712 | AC93: 13883618 | AD93: 14043034
A94: =D94&"_"&C94 -> Domestic Passengers_Serbia | B94: Europe | C94: Serbia | D94: Domestic Passengers | E94: - | F94: - | G94: - | H94: - | I94: - | J94: - | K94: - | L94: - | M94: - | N94: - | O94: - | P94: - | Q94: - | R94: - | S94: - | T94: - | U94: - | V94: - | W94: - | X94: - | Y94: - | Z94: - | AA94: - | AB94: - | AC94: - | AD94: -
A95: =D95&"_"&C95 -> Total Cargo_Serbia | B95: Europe | C95: Serbia | D95: Total Cargo | E95: 15393 | F95: 16668.673 | G95: 16651.329 | H95: 16805.158 | I95: 17050.08 | J95: 17387.612 | K95: 17722.916 | L95: 18037.118 | M95: 18337.09 | N95: 18628.135 | O95: 18896.736 | P95: 19141.815 | Q95: 19375.508 | R95: 19585.719 | S95: 19774.075 | T95: 19949.795 | U95: 20118.802 | V95: 20281.819 | W95: 20425.636 | X95: 20548.349 | Y95: 20645.62 | Z95: 20715.24 | AA95: 20757.074 | AB95: 20765.778 | AC95: 20746.083 | AD95: 20700.902
A96: =D96&"_"&C96 -> Total Aircraft Movements_Serbia | B96: Europe | C96: Serbia | D96: Total Aircraft Movements | E96: 64456 | F96: 62608.52 | G96: 62770.101 | H96: 65199.079 | I96: 68838.522 | J96: 74269.866 | K96: 79029.179 | L96: 83900.833 | M96: 88960.621 | N96: 94143.77 | O96: 98961.323 | P96: 103804.91 | Q96: 108694.34 | R96: 112733.85 | S96: 116469.61 | T96: 119906.53 | U96: 123054.55 | V96: 126273.11 | W96: 131230.34 | X96: 134480.91 | Y96: 137405.38 | Z96: 140016.37 | AA96: 142412.29 | AB96: 143797.92 | AC96: 144851.26 | AD96: 145639.91
A97: =D97&"_"&C97 -> Total Passengers_Senegal | B97: Africa | C97: Senegal | D97: Total Passengers | E97: 1949717 | F97: 1959904 | G97: 1928514 | H97: 1945998 | I97: 2000388 | J97: 2105333 | K97: 2222330 | L97: 2340098 | M97: 2460276 | N97: 2582147 | O97: 2680504 | P97: 2809349 | Q97: 2958227 | R97: 3094491 | S97: 3254526 | T97: 3402925 | U97: 3555659 | V97: 3721048 | W97: 3891748 | X97: 4067577 | Y97: 4246677 | Z97: 4424297 | AA97: 4620986 | AB97: 4827012 | AC97: 5038977 | AD97: 5257078
A98: =D98&"_"&C98 -> International Passengers_Senegal | B98: Africa | C98: Senegal | D98: International Passengers | E98: 1771948 | F98: 1775825 | G98: 1722906 | H98: 1724022 | I98: 1764161 | J98: 1857316 | K98: 1959737 | L98: 2059522 | M98: 2158317 | N98: 2256748 | O98: 2327012 | P98: 2424988 | Q98: 2535610 | R98: 2633993 | S98: 2749587 | T98: 2851587 | U98: 2952360 | V98: 3057297 | W98: 3165416 | X98: 3275386 | Y98: 3385893 | Z98: 3490349 | AA98: 3608215 | AB98: 3732252 | AC98: 3858776 | AD98: 3989293
A99: =D99&"_"&C99 -> Domestic Passengers_Senegal | B99: Africa | C99: Senegal | D99: Domestic Passengers | E99: - | F99: - | G99: - | H99: - | I99: - | J99: - | K99: - | L99: - | M99: - | N99: - | O99: - | P99: - | Q99: - | R99: - | S99: - | T99: - | U99: - | V99: - | W99: - | X99: - | Y99: - | Z99: - | AA99: - | AB99: - | AC99: - | AD99: -
A100: =D100&"_"&C100 -> Total Cargo_Senegal | B100: Africa | C100: Senegal | D100: Total Cargo | E100: 36018 | F100: 42724.49 | G100: 45473.44 | H100: 49192.88 | I100: 54122.608 | J100: 58644.539 | K100: 64402.759 | L100: 70522.638 | M100: 77094.862 | N100: 84244.84 | O100: 91829.825 | P100: 100549.61 | Q100: 110768.77 | R100: 120387.01 | S100: 131915.87 | T100: 143040.85 | U100: 155281.19 | V100: 167991.25 | W100: 180870.23 | X100: 194136.13 | Y100: 207604.33 | Z100: 221341.93 | AA100: 236032.86 | AB100: 250881.24 | AC100: 265803.41 | AD100: 280694.58
A101: =D101&"_"&C101 -> Total Aircraft Movements_Senegal | B101: Africa | C101: Senegal | D101: Total Aircraft Movements | E101: 34837 | F101: 33309.611 | G101: 31865.37 | H101: 31107.898 | I101: 30827.71 | J101: 31015.492 | K101: 31369.147 | L101: 31716.976 | M101: 32087.53 | N101: 32464.925 | O101: 32891.774 | P101: 33332.936 | Q101: 33959.1 | R101: 34314.168 | S101: 34877.472 | T101: 35293.575 | U101: 35775.661 | V101: 36245.041 | W101: 36653.506 | X101: 37049.7 | Y101: 37397.703 | Z101: 37723.98 | AA101: 38087.776 | AB101: 38415.976 | AC101: 38697.35 | AD101: 38931.154
A102: =D102&"_"&C102 -> Total Passengers_Saudi Arabia | B102: Middle East | C102: Saudi Arabia | D102: Total Passengers | E102: 79872668 | F102: 83275280 | G102: 89669319 | H102: 97420800 | I102: 106496137 | J102: 118490110 | K102: 130225225 | L102: 143110417 | M102: 156639191 | N102: 171158611 | O102: 185794980 | P102: 200529156 | Q102: 216528059 | R102: 233435912 | S102: 251411621 | T102: 269960507 | U102: 289755253 | V102: 310085223 | W102: 331339946 | X102: 353707660 | Y102: 377243226 | Z102: 401963570 | AA102: 426645777 | AB102: 452528856 | AC102: 479724758 | AD102: 508373241
A103: =D103&"_"&C103 -> International Passengers_Saudi Arabia | B103: Middle East | C103: Saudi Arabia | D103: International Passengers | E103: 40215724 | F103: 41917484 | G103: 44964297 | H103: 49136694 | I103: 54265382 | J103: 61501688 | K103: 68680122 | L103: 76735000 | M103: 85344303 | N103: 94845244 | O103: 104579544 | P103: 114176368 | Q103: 124561623 | R103: 135694498 | S103: 147895876 | T103: 160572073 | U103: 174466889 | V103: 188881198 | W103: 204399467 | X103: 220948920 | Y103: 238688094 | Z103: 257443260 | AA103: 276470823 | AB103: 296623949 | AC103: 318048754 | AD103: 340957345
A104: =D104&"_"&C104 -> Domestic Passengers_Saudi Arabia | B104: Middle East | C104: Saudi Arabia | D104: Domestic Passengers | E104: 39114694 | F104: 40128427 | G104: 43404373 | H104: 46881756 | I104: 50790594 | J104: 55368785 | K104: 59530263 | L104: 63889211 | M104: 68275556 | N104: 72669301 | O104: 76877891 | P104: 81450579 | Q104: 86431860 | R104: 91527911 | S104: 96500920 | T104: 101516562 | U104: 106451314 | V104: 111348706 | W104: 115957577 | X104: 120545560 | Y104: 124985652 | Z104: 129506445 | AA104: 133628202 | AB104: 137722390 | AC104: 141728522 | AD104: 145547221
A105: =D105&"_"&C105 -> Total Cargo_Saudi Arabia | B105: Middle East | C105: Saudi Arabia | D105: Total Cargo | E105: 1158300 | F105: 1245990.9 | G105: 1274880.9 | H105: 1318167.4 | I105: 1379313.9 | J105: 1491133.7 | K105: 1579903.3 | L105: 1675663.5 | M105: 1777662.8 | N105: 1885594.4 | O105: 1983430.6 | P105: 2076986 | Q105: 2168066.8 | R105: 2265481.2 | S105: 2366185.7 | T105: 2460374.4 | U105: 2557550.7 | V105: 2643570.8 | W105: 2737707.3 | X105: 2834493.2 | Y105: 2933845.4 | Z105: 3036084.5 | AA105: 3121044.7 | AB105: 3210360 | AC105: 3301684.9 | AD105: 3395290.5
A106: =D106&"_"&C106 -> Total Aircraft Movements_Saudi Arabia | B106: Middle East | C106: Saudi Arabia | D106: Total Aircraft Movements | E106: 640745 | F106: 669658.08 | G106: 711807.15 | H106: 753122.07 | I106: 796260.17 | J106: 849739.26 | K106: 895668.94 | L106: 944150.88 | M106: 991907.32 | N106: 1041166.8 | O106: 1086583 | P106: 1130442.9 | Q106: 1177287.1 | R106: 1224618 | S106: 1273364.9 | T106: 1320891.2 | U106: 1370149.5 | V106: 1417486.1 | W106: 1463989.2 | X106: 1511617.1 | Y106: 1559688.5 | Z106: 1608042.2 | AA106: 1652115.5 | AB106: 1696018.6 | AC106: 1740244.7 | AD106: 1785084.6
A107: =D107&"_"&C107 -> Total Passengers_Russian Federation | B107: Europe | C107: Russian Federation | D107: Total Passengers | E107: 159058927 | F107: 151306698 | G107: 151417103 | H107: 157047843 | I107: 165524998 | J107: 176257972 | K107: 186790404 | L107: 197244547 | M107: 207520534 | N107: 217796776 | O107: 228760071 | P107: 240287804 | Q107: 252306074 | R107: 264859520 | S107: 278002746 | T107: 291991158 | U107: 306808506 | V107: 322478647 | W107: 338811676 | X107: 355344831 | Y107: 371726248 | Z107: 387876858 | AA107: 404034577 | AB107: 420261217 | AC107: 436611765 | AD107: 453196044
A108: =D108&"_"&C108 -> International Passengers_Russian Federation | B108: Europe | C108: Russian Federation | D108: International Passengers | E108: 47723195 | F108: 38062117 | G108: 33025046 | H108: 32053979 | I108: 32667836 | J108: 34695005 | K108: 36675804 | L108: 39036365 | M108: 41396252 | N108: 43776124 | O108: 46346076 | P108: 49102588 | Q108: 52075690 | R108: 55269454 | S108: 58712778 | T108: 62454698 | U108: 66478027 | V108: 70797446 | W108: 75361743 | X108: 80081341 | Y108: 84861326 | Z108: 89675741 | AA108: 94588987 | AB108: 99626076 | AC108: 104701543 | AD108: 109928085
A109: =D109&"_"&C109 -> Domestic Passengers_Russian Federation | B109: Europe | C109: Russian Federation | D109: Domestic Passengers | E109: 63169281 | F109: 67893291 | G109: 73444920 | H109: 79059548 | I109: 84878477 | J109: 89895699 | K109: 94822783 | L109: 98824693 | M109: 102643451 | N109: 106349061 | O109: 110276233 | P109: 114340556 | Q109: 118327433 | R109: 122285769 | S109: 126256868 | T109: 130349482 | U109: 134585233 | V109: 138913613 | W109: 143260223 | X109: 147406867 | Y109: 151280750 | Z109: 154892681 | AA109: 158283607 | AB109: 161462768 | AC109: 164605521 | AD109: 167572369
A110: =D110&"_"&C110 -> Total Cargo_Russian Federation | B110: Europe | C110: Russian Federation | D110: Total Cargo | E110: 750906 | F110: 765078.1 | G110: 741353.33 | H110: 759021.02 | I110: 799852.33 | J110: 863102.04 | K110: 926605.27 | L110: 989098.99 | M110: 1050166.5 | N110: 1111851.3 | O110: 1182917.5 | P110: 1261815 | Q110: 1346720.8 | R110: 1436924.1 | S110: 1533273.2 | T110: 1638160.9 | U110: 1756153.4 | V110: 1888004.7 | W110: 2027858.3 | X110: 2169173.9 | Y110: 2304220.4 | Z110: 2430952.2 | AA110: 2551595.5 | AB110: 2665125 | AC110: 2771851.4 | AD110: 2871906.2
A111: =D111&"_"&C111 -> Total Aircraft Movements_Russian Federation | B111: Europe | C111: Russian Federation | D111: Total Aircraft Movements | E111: 823340 | F111: 777002.68 | G111: 784252.4 | H111: 816001.53 | I111: 859666.8 | J111: 912666.98 | K111: 964933.72 | L111: 1016670.9 | M111: 1067192.8 | N111: 1116853.6 | O111: 1169019 | P111: 1223447.8 | Q111: 1279953.1 | R111: 1338739.7 | S111: 1399980.6 | T111: 1464992.5 | U111: 1532889 | V111: 1604087.7 | W111: 1677539.4 | X111: 1751932.1 | Y111: 1825243.3 | Z111: 1897322.4 | AA111: 1968987.2 | AB111: 2040813 | AC111: 2112982 | AD111: 2185895.2
... A118: =D118&"_"&C118 -> International Passengers_Qatar | B118: Middle East | C118: Qatar | D118: International Passengers | E118: 30906066 | F118: 37238333 | G118: 43534445 | H118: 49411730 | I118: 55170194 | J118: 60497650 | K118: 66118461 | L118: 72160964 | M118: 78565269 | N118: 85460293 | O118: 92332169 | P118: 99844303 | Q118: 108731393 | R118: 117246064 | S118: 126151052 | T118: 135339252 | U118: 145169145 | V118: 155467454 | W118: 164660116 | X118: 174101855 | Y118: 183779458 | Z118: 193775968 | AA118: 203997145 | AB118: 214061084 | AC118: 224322992 | AD118: 234790798
A119: =D119&"_"&C119 -> Domestic Passengers_Qatar | B119: Middle East | C119: Qatar | D119: Domestic Passengers | E119: - | F119: - | G119: - | H119: - | I119: - | J119: - | K119: - | L119: - | M119: - | N119: - | O119: - | P119: - | Q119: - | R119: - | S119: - | T119: - | U119: - | V119: - | W119: - | X119: - | Y119: - | Z119: - | AA119: - | AB119: - | AC119: - | AD119: -
A120: =D120&"_"&C120 -> Total Cargo_Qatar | B120: Middle East | C120: Qatar | D120: Total Cargo | E120: 1454952 | F120: 1689767.2 | G120: 1924592.8 | H120: 2124687 | I120: 2310133.6 | J120: 2472996.8 | K120: 2633036.4 | L120: 2801122 | M120: 2975155.8 | N120: 3158479 | O120: 3337772.7 | P120: 3525338.3 | Q120: 3736653.1 | R120: 3940341.2 | S120: 4150318.9 | T120: 4363873 | U120: 4583451.8 | V120: 4805591.9 | W120: 5008054.6 | X120: 5214397.9 | Y120: 5424240.3 | Z120: 5637701.7 | AA120: 5848988.3 | AB120: 6058660.1 | AC120: 6270884.4 | AD120: 6485953.5
A121: =D121&"_"&C121 -> Total Aircraft Movements_Qatar | B121: Middle East | C121: Qatar | D121: Total Aircraft Movements | E121: 249478 | F121: 288425.62 | G121: 322441.42 | H121: 350082.9 | I121: 373890.49 | J121: 391806.5 | K121: 409256.3 | L121: 426964.5 | M121: 444678.86 | N121: 463297.33 | O121: 479914.86 | P121: 498897.9 | Q121: 522523.6 | R121: 542229.28 | S121: 561838.23 | T121: 580986.71 | U121: 600957.93 | V121: 620879.2 | W121: 634332.91 | X121: 647495.33 | Y121: 660054.82 | Z121: 672298.34 | AA121: 683962.01 | AB121: 693562.81 | AC121: 702454.52 | AD121: 710680.08
A122: =D122&"_"&C122 -> Total Passengers_Puerto Rico | B122: Latin America-Caribbean | C122: Puerto Rico | D122: Total Passengers | E122: 9825334 | F122: 10211418 | G122: 10402324 | H122: 10741711 | I122: 11203365 | J122: 11795002 | K122: 12367914 | L122: 12921063 | M122: 13471101 | N122: 14030603 | O122: 14527595 | P122: 14771776 | Q122: 15005480 | R122: 15228315 | S122: 15448123 | T122: 15665786 | U122: 15892330 | V122: 16079219 | W122: 16266623 | X122: 16453804 | Y122: 16642231 | Z122: 16839919 | AA122: 17025324 | AB122: 17211872 | AC122: 17399492 | AD122: 17589322
A123: =D123&"_"&C123 -> International Passengers_Puerto Rico | B123: Latin America-Caribbean | C123: Puerto Rico | D123: International Passengers | E123: 1069288 | F123: 1092541 | G123: 1079587 | H123: 1132003 | I123: 1230275 | J123: 1385438 | K123: 1547577 | L123: 1713883 | M123: 1886896 | N123: 2073269 | O123: 2243000 | P123: 2316594 | Q123: 2387521 | R123: 2458727 | S123: 2530980 | T123: 2605342 | U123: 2682809 | V123: 2747744 | W123: 2815759 | X123: 2886952 | Y123: 2961908 | Z123: 3041819 | AA123: 3119323 | AB123: 3202212 | AC123: 3368580 | AD123: 3554365
A124: =D124&"_"&C124 -> Domestic Passengers_Puerto Rico | B124: Latin America-Caribbean | C124: Puerto Rico | D124: Domestic Passengers | E124: 8756046 | F124: 9081329 | G124: 9058661 | H124: 9210439 | I124: 9480893 | J124: 9869655 | K124: 10230646 | L124: 10567115 | M124: 10892655 | N124: 11209859 | O124: 11484562 | P124: 11623005 | Q124: 11753574 | R124: 11872768 | S124: 11987480 | T124: 12097285 | U124: 12212372 | V124: 12304270 | W124: 12393294 | X124: 12478619 | Y124: 12560729 | Z124: 12646544 | AA124: 12860696 | AB124: 12936471 | AC124: 12913625 | AD124: 12869719
A125: =D125&"_"&C125 -> Total Cargo_Puerto Rico | B125: Latin America-Caribbean | C125: Puerto Rico | D125: Total Cargo | E125: 247063 | F125: 239598.24 | G125: 244032.27 | H125: 259644.95 | I125: 278335.53 | J125: 297839.34 | K125: 316721.52 | L125: 334282.88 | M125: 351054.49 | N125: 368012.73 | O125: 382505.56 | P125: 387179.25 | Q125: 391195.33 | R125: 394923.07 | S125: 398485.8 | T125: 401965.24 | U125: 405344.55 | V125: 407089.07 | W125: 408761.51 | X125: 410377.07 | Y125: 411944.58 | Z125: 413476.04 | AA125: 414336.29 | AB125: 415167.7 | AC125: 415975.88 | AD125: 416765.65
A126: =D126&"_"&C126 -> Total Aircraft Movements_Puerto Rico | B126: Latin America-Caribbean | C126: Puerto Rico | D126: Total Aircraft Movements | E126: 372774 | F126: 382007.38 | G126: 381936.03 | H126: 396158.58 | I126: 418974.52 | J126: 450894.71 | K126: 482960.31 | L126: 514966.59 | M126: 547208.08 | N126: 580339.86 | O126: 611486.83 | P126: 633295.42 | Q126: 655270.79 | R126: 677402.45 | S126: 699987.14 | T126: 723156.98 | U126: 747264.06 | V126: 770020.01 | W126: 793140.72 | X126: 815787.24 | Y126: 838836.78 | Z126: 862521.07 | AA126: 885882.77 | AB126: 909641.01 | AC126: 933872.6 | AD126: 958731.86
A127: =D127&"_"&C127 -> Total Passengers_Portugal | B127: Europe | C127: Portugal | D127: Total Passengers | E127: 39457164 | F127: 43029652 | G127: 46558020 | H127: 49575606 | I127: 52301223 | J127: 54284667 | K127: 56223132 | L127: 58126649 | M127: 59967371 | N127: 61762283 | O127: 63611890 | P127: 65529556 | Q127: 67502080 | R127: 69391015 | S127: 71269800 | T127: 72971715 | U127: 74669887 | V127: 76443377 | W127: 78405150 | X127: 80412813 | Y127: 82441591 | Z127: 84471453 | AA127: 86510901 | AB127: 88568691 | AC127: 90678708 | AD127: 92819168
A128: =D128&"_"&C128 -> International Passengers_Portugal | B128: Europe | C128: Portugal | D128: International Passengers | E128: 32161013 | F128: 35433079 | G128: 38684725 | H128: 41497453 | I128: 44048612 | J128: 45897724 | K128: 47696350 | L128: 49456264 | M128: 51152866 | N128: 52805656 | O128: 54513493 | P128: 56290471 | Q128: 58126044 | R128: 59882351 | S128: 61633255 | T128: 63217579 | U128: 64798442 | V128: 66452751 | W128: 68288053 | X128: 70166349 | Y128: 72064616 | Z128: 73962076 | AA128: 75866684 | AB128: 77787578 | AC128: 79757981 | AD128: 81754834
A129: =D129&"_"&C129 -> Domestic Passengers_Portugal | B129: Europe | C129: Portugal | D129: Domestic Passengers | E129: 7038602 | F129: 7315704 | G129: 7569396 | H129: 7754558 | I129: 7911225 | J129: 8032610 | K129: 8159796 | L129: 8290975 | M129: 8423079 | N129: 8553485 | O129: 8683183 | P129: 8811353 | Q129: 8935429 | R129: 9055727 | S129: 9171346 | T129: 9277828 | U129: 9384052 | V129: 9491657 | W129: 9605323 | X129: 9721585 | Y129: 9838853 | Z129: 9958006 | AA129: 10079534 | AB129: 10202998 | AC129: 10328839 | AD129: 10458475
A130: =D130&"_"&C130 -> Total Cargo_Portugal | B130: Europe | C130: Portugal | D130: Total Cargo | E130: 143981 | F130: 140923.05 | G130: 138002.01 | H130: 138545.19 | I130: 140829.17 | J130: 144882.89 | K130: 148969.72 | L130: 152847.14 | M130: 156549.11 | N130: 160098.46 | O130: 163535.98 | P130: 166883.94 | Q130: 169997.61 | R130: 172621.9 | S130: 174929.28 | T130: 177123.18 | U130: 179299.31 | V130: 181472.67 | W130: 183536.04 | X130: 185478.43 | Y130: 187222.29 | Z130: 188716.55 | AA130: 189923 | AB130: 190810.93 | AC130: 191458.43 | AD130: 191845.75
A131: =D131&"_"&C131 -> Total Aircraft Movements_Portugal | B131: Europe | C131: Portugal | D131: Total Aircraft Movements | E131: 333658 | F131: 348450.15 | G131: 349274.88 | H131: 357817.14 | I131: 369692.03 | J131: 382901.7 | K131: 395977.23 | L131: 408800.01 | M131: 421103.16 | N131: 432788.71 | O131: 444517.85 | P131: 456550.65 | Q131: 468875.42 | R131: 480531.68 | S131: 492005.52 | T131: 502174.61 | U131: 511984.26 | V131: 522106.39 | W131: 533293.81 | X131: 544888.48 | Y131: 556620.03 | Z131: 568413.98 | AA131: 580214.34 | AB131: 592156.66 | AC131: 604437.32 | AD131: 616870.1
... A148: =D148&"_"&C148 -> International Passengers_Panama | B148: Latin America-Caribbean | C148: Panama | D148: International Passengers | E148: 13639241 | F148: 14618452 | G148: 15806961 | H148: 17204770 | I148: 18811878 | J148: 20628286 | K148: 22233078 | L148: 23881288 | M148: 25540640 | N148: 27247371 | O148: 29037468 | P148: 31121691 | Q148: 33259917 | R148: 35505050 | S148: 37877772 | T148: 40386651 | U148: 43004647 | V148: 45668486 | W148: 48462073 | X148: 51387082 | Y148: 54443336 | Z148: 57630722 | AA148: 60882624 | AB148: 64281337 | AC148: 67821051 | AD148: 71515376
A149: =D149&"_"&C149 -> Domestic Passengers_Panama | B149: Latin America-Caribbean | C149: Panama | D149: Domestic Passengers | E149: - | F149: - | G149: - | H149: - | I149: - | J149: - | K149: - | L149: - | M149: - | N149: - | O149: - | P149: - | Q149: - | R149: - | S149: - | T149: - | U149: - | V149: - | W149: - | X149: - | Y149: - | Z149: - | AA149: - | AB149: - | AC149: - | AD149: -
A150: =D150&"_"&C150 -> Total Cargo_Panama | B150: Latin America-Caribbean | C150: Panama | D150: Total Cargo | E150: 94721 | F150: 100843.93 | G150: 101862.63 | H150: 103194.45 | I150: 104973.23 | J150: 105423.28 | K150: 105576.17 | L150: 105775.15 | M150: 105813.08 | N150: 105835.2 | O150: 106128.39 | P150: 106567.58 | Q150: 106954.84 | R150: 107268.17 | S150: 107551.4 | T150: 107800.63 | U150: 107946.66 | V150: 108008.95 | W150: 108012.28 | X150: 107961 | Y150: 107845.52 | Z150: 107637.36 | AA150: 107387.14 | AB150: 107076.64 | AC150: 106707.38 | AD150: 106283.62
A151: =D151&"_"&C151 -> Total Aircraft Movements_Panama | B151: Latin America-Caribbean | C151: Panama | D151: Total Aircraft Movements | E151: 141642 | F151: 147428.72 | G151: 151234.27 | H151: 160615.71 | I151: 173056.18 | J151: 188294.6 | K151: 203702.07 | L151: 219863.12 | M151: 235998.31 | N151: 252865.26 | O151: 271143.27 | P151: 290055.26 | Q151: 309696.57 | R151: 330586.5 | S151: 352958.96 | T151: 377001.83 | U151: 402500.69 | V151: 428796.32 | W151: 456651.81 | X151: 485237.44 | Y151: 515404.67 | Z151: 547131.94 | AA151: 579862.48 | AB151: 614490.97 | AC151: 651125.17 | AD151: 690142.26
A152: =D152&"_"&C152 -> Total Passengers_Oman | B152: Middle East | C152: Oman | D152: Total Passengers | E152: 10315358 | F152: 12379942 | G152: 14252704 | H152: 16000992 | I152: 17742881 | J152: 19612496 | K152: 21836960 | L152: 24295539 | M152: 26944853 | N152: 29806613 | O152: 32806801 | P152: 36006102 | Q152: 38861207 | R152: 42674852 | S152: 46784409 | T152: 51198543 | U152: 55973577 | V152: 61116242 | W152: 66581740 | X152: 72415211 | Y152: 78636692 | Z152: 85253153 | AA152: 92267918 | AB152: 99266940 | AC152: 106664254 | AD152: 114485928
A153: =D153&"_"&C153 -> International Passengers_Oman | B153: Middle East | C153: Oman | D153: International Passengers | E153: 9354202 | F153: 11311213 | G153: 13089265 | H153: 14732419 | I153: 16362205 | J153: 18107424 | K153: 20179535 | L153: 22480955 | M153: 24967162 | N153: 27655352 | O153: 30476227 | P153: 33472845 | Q153: 36159068 | R153: 39741286 | S153: 43616073 | T153: 47771201 | U153: 52280559 | V153: 57138682 | W153: 62316899 | X153: 67852072 | Y153: 73761808 | Z153: 80044589 | AA153: 86716855 | AB153: 93379064 | AC153: 100425901 | AD153: 107887368
A154: =D154&"_"&C154 -> Domestic Passengers_Oman | B154: Middle East | C154: Oman | D154: Domestic Passengers | E154: 930873 | F154: 993833 | G154: 1050949 | H154: 1129227 | I154: 1222893 | J154: 1333402 | K154: 1460478 | L154: 1590566 | M154: 1723927 | N154: 1860257 | O154: 1996483 | P154: 2153215 | Q154: 2281729 | R154: 2459733 | S154: 2636998 | T154: 2827591 | U154: 3019884 | V154: 3223631 | W154: 3424644 | X154: 3628930 | Y154: 3835729 | Z154: 4052553 | AA154: 4270910 | AB154: 4477305 | AC154: 4686042 | AD154: 4893089
A155: =D155&"_"&C155 -> Total Cargo_Oman | B155: Middle East | C155: Oman | D155: Total Cargo | E155: 134564 | F155: 142234.2 | G155: 150030.5 | H155: 155319.56 | I155: 160107.61 | J155: 167364.19 | K155: 178232.66 | L155: 190002.59 | M155: 202150.89 | N155: 214827.81 | O155: 227241.01 | P155: 240808.55 | Q155: 246446.2 | R155: 261965.67 | S155: 278259.98 | T155: 295235.54 | U155: 313131.73 | V155: 331615.57 | W155: 351704.39 | X155: 372782.85 | Y155: 394876.73 | Z155: 418035.61 | AA155: 441849.69 | AB155: 463095.56 | AC155: 485125.27 | AD155: 507972.23
A156: =D156&"_"&C156 -> Total Aircraft Movements_Oman | B156: Middle East | C156: Oman | D156: Total Aircraft Movements | E156: 95116 | F156: 99904.928 | G156: 99960.579 | H156: 102164.44 | I156: 105580.09 | J156: 111239.29 | K156: 118090.95 | L156: 125334.18 | M156: 132726.53 | N156: 140349.17 | O156: 147825.27 | P156: 155700.46 | Q156: 161403.26 | R156: 170336.95 | S156: 179610.99 | T156: 189202.65 | U156: 199220.4 | V156: 209598.2 | W156: 220016.2 | X156: 230761.83 | Y156: 241732.61 | Z156: 252885.14 | AA156: 264230.56 | AB156: 274442.47 | AC156: 284738.01 | AD156: 295136.68
A157: =D157&"_"&C157 -> Total Passengers_Norway | B157: Europe | C157: Norway | D157: Total Passengers | E157: 53578180 | F157: 54220879 | G157: 54799452 | H157: 55596538 | I157: 56560813 | J157: 57676458 | K157: 58834742 | L157: 60059844 | M157: 61351867 | N157: 62734796 | O157: 64297383 | P157: 66081508 | Q157: 67977385 | R157: 69954369 | S157: 71954480 | T157: 74124219 | U157: 76372272 | V157: 78701146 | W157: 81123318 | X157: 83572844 | Y157: 86093921 | Z157: 88710702 | AA157: 91403276 | AB157: 94182969 | AC157: 97086328 | AD157: 100090046
A158: =D158&"_"&C158 -> International Passengers_Norway | B158: Europe | C158: Norway | D158: International Passengers | E158: 22421309 | F158: 22776309 | G158: 23018608 | H158: 23522673 | I158: 24182750 | J158: 24983582 | K158: 25829622 | L158: 26721852 | M158: 27673829 | N158: 28707660 | O158: 29905162 | P158: 31313290 | Q158: 32843029 | R158: 34466561 | S158: 36133208 | T158: 37964865 | U158: 39884730 | V158: 41890404 | W158: 43994673 | X158: 46137951 | Y158: 48361423 | Z158: 50684513 | AA158: 53091077 | AB158: 55590173 | AC158: 58219180 | AD158: 60956825
A159: =D159&"_"&C159 -> Domestic Passengers_Norway | B159: Europe | C159: Norway | D159: Domestic Passengers | E159: 30433074 | F159: 30712090 | G159: 31040549 | H159: 31322802 | I159: 31613973 | J159: 31913715 | K159: 32210310 | L159: 32526633 | M159: 32849225 | N159: 33179641 | O159: 33523616 | P159: 33875511 | Q159: 34216037 | R159: 34542783 | S159: 34849227 | T159: 35157997 | U159: 35455816 | V159: 35747554 | W159: 36032736 | X159: 36305893 | Y159: 36569440 | Z159: 36827780 | AA159: 37077416 | AB159: 37320461 | AC159: 37555592 | AD159: 37781088
A160: =D160&"_"&C160 -> Total Cargo_Norway | B160: Europe | C160: Norway | D160: Total Cargo | E160: 169651 | F160: 171472.92 | G160: 183278.66 | H160: 196391.57 | I160: 210826.7 | J160: 226872.61 | K160: 244210.43 | L160: 262587.4 | M160: 282043.65 | N160: 302715.34 | O160: 324661.89 | P160: 348347.76 | Q160: 373608.87 | R160: 399987.36 | S160: 427166.08 | T160: 456013 | U160: 486515.89 | V160: 518672.64 | W160: 552132.54 | X160: 586649.82 | Y160: 622278.6 | Z160: 659174.21 | AA160: 696897.91 | AB160: 735403.09 | AC160: 775062.11 | AD160: 815652.95
A161: =D161&"_"&C161 -> Total Aircraft Movements_Norway | B161: Europe | C161: Norway | D161: Total Aircraft Movements | E161: 894802 | F161: 919771.72 | G161: 931271.47 | H161: 947943.31 | I161: 967152.03 | J161: 989319.07 | K161: 1012728.9 | L161: 1037305.6 | M161: 1062877.1 | N161: 1089319.6 | O161: 1118081.9 | P161: 1150332.7 | Q161: 1184378.3 | R161: 1219687.7 | S161: 1255179 | T161: 1293464.7 | U161: 1332286 | V161: 1372005 | W161: 1412795 | X161: 1454349.3 | Y161: 1497172.3 | Z161: 1541847.7 | AA161: 1587720.9 | AB161: 1635195.8 | AC161: 1684826.5 | AD161: 1736096.5
... A173: =D173&"_"&C173 -> International Passengers_Netherlands | B173: Europe | C173: Netherlands | D173: International Passengers | E173: 62956848 | F173: 70956505 | G173: 80711154 | H173: 87973783 | I173: 93712202 | J173: 97474792 | K173: 101180570 | L173: 104566074 | M173: 108093236 | N173: 111436121 | O173: 114475514 | P173: 116815104 | Q173: 118577698 | R173: 120016380 | S173: 121420696 | T173: 123077049 | U173: 124941608 | V173: 126983936 | W173: 129142149 | X173: 131298480 | Y173: 133500431 | Z173: 136018451 | AA173: 138884856 | AB173: 142055135 | AC173: 145442518 | AD173: 148998302
A174: =D174&"_"&C174 -> Domestic Passengers_Netherlands | B174: Europe | C174: Netherlands | D174: Domestic Passengers | E174: - | F174: - | G174: - | H174: - | I174: - | J174: - | K174: - | L174: - | M174: - | N174: - | O174: - | P174: - | Q174: - | R174: - | S174: - | T174: - | U174: - | V174: - | W174: - | X174: - | Y174: - | Z174: - | AA174: - | AB174: - | AC174: - | AD174: -
A175: =D175&"_"&C175 -> Total Cargo_Netherlands | B175: Europe | C175: Netherlands | D175: Total Cargo | E175: 1655434 | F175: 1629716 | G175: 1621706 | H175: 1642027.3 | I175: 1677255.3 | J175: 1728585 | K175: 1780514.8 | L175: 1830075.2 | M175: 1879288.2 | N175: 1927334.4 | O175: 1972006.3 | P175: 2011979.2 | Q175: 2048911.7 | R175: 2082428.5 | S175: 2113442 | T175: 2143816.8 | U175: 2174382.2 | V175: 2205011.4 | W175: 2233962.8 | X175: 2260734.3 | Y175: 2284951.7 | Z175: 2307231.8 | AA175: 2327474.3 | AB175: 2344920.2 | AC175: 2359707.1 | AD175: 2371899.5
A176: =D176&"_"&C176 -> Total Aircraft Movements_Netherlands | B176: Europe | C176: Netherlands | D176: Total Aircraft Movements | E176: 552069 | F176: 583819.44 | G176: 608580.61 | H176: 635906.5 | I176: 664228.52 | J176: 693529.04 | K176: 723004.09 | L176: 750723.6 | M176: 779616.91 | N176: 806820.93 | O176: 831229.08 | P176: 850192.92 | Q176: 864730.51 | R176: 876711.65 | S176: 888153.12 | T176: 901294.98 | U176: 915409.54 | V176: 930605.65 | W176: 946547.02 | X176: 962755.55 | Y176: 979424.13 | Z176: 998640.24 | AA176: 1020428.7 | AB176: 1044621.7 | AC176: 1070554.9 | AD176: 1097843.1
A177: =D177&"_"&C177 -> Total Passengers_Nepal | B177: Asia-Pacific | C177: Nepal | D177: Total Passengers | E177: 4509014 | F177: 4555154 | G177: 4460249 | H177: 4551582 | I177: 4731428 | J177: 5007754 | K177: 5295933 | L177: 5598350 | M177: 5914846 | N177: 6243620 | O177: 6594909 | P177: 6978176 | Q177: 7317636 | R177: 7674365 | S177: 8048886 | T177: 8442040 | U177: 8855296 | V177: 9285225 | W177: 9735502 | X177: 10205701 | Y177: 10661241 | Z177: 11132761 | AA177: 11612091 | AB177: 12113457 | AC177: 12637991 | AD177: 13189220
A178: =D178&"_"&C178 -> International Passengers_Nepal | B178: Asia-Pacific | C178: Nepal | D178: International Passengers | E178: 3180929 | F178: 3203454 | G178: 3157000 | H178: 3282309 | I178: 3490775 | J178: 3701071 | K178: 3919120 | L178: 4146307 | M178: 4382435 | N178: 4625950 | O178: 4884282 | P178: 5164780 | Q178: 5410261 | R178: 5665945 | S178: 5932046 | T178: 6209331 | U178: 6498599 | V178: 6797603 | W178: 7108567 | X178: 7431169 | Y178: 7740945 | Z178: 8059785 | AA178: 8383729 | AB178: 8721155 | AC178: 9072796 | AD178: 9440955
A179: =D179&"_"&C179 -> Domestic Passengers_Nepal | B179: Asia-Pacific | C179: Nepal | D179: Domestic Passengers | E179: 1327778 | F179: 1351390 | G179: 1283251 | H179: 1230472 | I179: 1186290 | J179: 1250441 | K179: 1317099 | L179: 1386826 | M179: 1459812 | N179: 1535643 | O179: 1616675 | P179: 1705429 | Q179: 1783046 | R179: 1864494 | S179: 1949870 | T179: 2039521 | U179: 2133684 | V179: 2231483 | W179: 2333732 | X179: 2440432 | Y179: 2544017 | Z179: 2651222 | AA179: 2759961 | AB179: 2873589 | AC179: 2992414 | AD179: 3117269
A180: =D180&"_"&C180 -> Total Cargo_Nepal | B180: Asia-Pacific | C180: Nepal | D180: Total Cargo | E180: 0 | F180: 0 | G180: 0 | H180: 0 | I180: 0 | J180: 0 | K180: 0 | L180: 0 | M180: 0 | N180: 0 | O180: 0 | P180: 0 | Q180: 0 | R180: 0 | S180: 0 | T180: 0 | U180: 0 | V180: 0 | W180: 0 | X180: 0 | Y180: 0 | Z180: 0 | AA180: 0 | AB180: 0 | AC180: 0 | AD180: 0
A181: =D181&"_"&C181 -> Total Aircraft Movements_Nepal | B181: Asia-Pacific | C181: Nepal | D181: Total Aircraft Movements | E181: 91946 | F181: 87677.42 | G181: 83658.584 | H181: 81665.933 | I181: 80640.653 | J181: 80615.66 | K181: 80630.594 | L181: 80743.121 | M181: 80935.02 | N181: 81173.61 | O181: 81596.286 | P181: 82302.304 | Q181: 82374.836 | R181: 82549.209 | S181: 82823.781 | T181: 83170.72 | U181: 83611.459 | V181: 84092.419 | W181: 84630.377 | X181: 85233.978 | Y181: 85581.194 | Z181: 85936.018 | AA181: 86230.024 | AB181: 86553.909 | AC181: 86915.635 | AD181: 87337.836
A182: =D182&"_"&C182 -> Total Passengers_Mozambique | B182: Africa | C182: Mozambique | D182: Total Passengers | E182: 1948712 | F182: 1933519 | G182: 1953429 | H182: 2021624 | I182: 2128078 | J182: 2273624 | K182: 2411307 | L182: 2561689 | M182: 2719082 | N182: 2872392 | O182: 3004003 | P182: 3176597 | Q182: 3373793 | R182: 3572017 | S182: 3796140 | T182: 4008308 | U182: 4225964 | V182: 4500742 | W182: 4791596 | X182: 5096314 | Y182: 5414373 | Z182: 5740995 | AA182: 6117913 | AB182: 6519666 | AC182: 6942388 | AD182: 7387496
A183: =D183&"_"&C183 -> International Passengers_Mozambique | B183: Africa | C183: Mozambique | D183: International Passengers | E183: 712991 | F183: 731340 | G183: 738093 | H183: 771913 | I183: 828546 | J183: 908544 | K183: 987545 | L183: 1073024 | M183: 1162432 | N183: 1251222 | O183: 1331584 | P183: 1429372 | Q183: 1536833 | R183: 1647044 | S183: 1769912 | T183: 1886246 | U183: 2005715 | V183: 2153850 | W183: 2312067 | X183: 2478663 | Y183: 2654008 | Z183: 2833940 | AA183: 3043401 | AB183: 3268866 | AC183: 3507844 | AD183: 3760075
A184: =D184&"_"&C184 -> Domestic Passengers_Mozambique | B184: Africa | C184: Mozambique | D184: Domestic Passengers | E184: 1095479 | F184: 1073560 | G184: 1096157 | H184: 1131436 | I184: 1175353 | J184: 1221628 | K184: 1262049 | L184: 1308138 | M184: 1357095 | N184: 1402851 | O184: 1444294 | P184: 1498788 | Q184: 1565936 | R184: 1629169 | S184: 1702582 | T184: 1772539 | U184: 1844340 | V184: 1937024 | W184: 2032910 | X184: 2131945 | Y184: 2233007 | Z184: 2337106 | AA184: 2454384 | AB184: 2576016 | AC184: 2701203 | AD184: 2830872
A185: =D185&"_"&C185 -> Total Cargo_Mozambique | B185: Africa | C185: Mozambique | D185: Total Cargo | E185: 14484 | F185: 14492.123 | G185: 14500.394 | H185: 14508.812 | I185: 14517.408 | J185: 14526.193 | K185: 14535.179 | L185: 14544.363 | M185: 14553.748 | N185: 14563.342 | O185: 14573.158 | P185: 14583.183 | Q185: 14593.43 | R185: 14603.886 | S185: 14614.553 | T185: 14625.44 | U185: 14636.913 | V185: 14648.387 | W185: 14659.861 | X185: 14671.334 | Y185: 14682.808 | Z185: 14695.169 | AA185: 14707.529 | AB185: 14719.89 | AC185: 14732.251 | AD185: 14744.611
A186: =D186&"_"&C186 -> Total Aircraft Movements_Mozambique | B186: Africa | C186: Mozambique | D186: Total Aircraft Movements | E186: 67422 | F186: 62969.65 | G186: 60847.774 | H186: 61281.037 | I186: 63348.116 | J186: 66868.532 | K186: 70061.62 | L186: 73540.138 | M186: 77143.941 | N186: 80568.868 | O186: 83323.348 | P186: 87055.959 | Q186: 91341.876 | R186: 95515.09 | S186: 100246.66 | T186: 104542.52 | U186: 108832.61 | V186: 114185.69 | W186: 119585.86 | X186: 125115.36 | Y186: 130681.95 | Z186: 136218.37 | AA186: 142558.97 | AB186: 149058.43 | AC186: 155632.86 | AD186: 162294.63
... A203: =D203&"_"&C203 -> International Passengers_Malta | B203: Europe | C203: Malta | D203: International Passengers | E203: 4618642 | F203: 4934612 | G203: 5203189 | H203: 5497386 | I203: 5798826 | J203: 6095031 | K203: 6390639 | L203: 6691309 | M203: 6999088 | N203: 7309116 | O203: 7613388 | P203: 7913280 | Q203: 8180083 | R203: 8462684 | S203: 8700568 | T203: 8913406 | U203: 9136849 | V203: 9394719 | W203: 9707671 | X203: 10017078 | Y203: 10299474 | Z203: 10572058 | AA203: 10807332 | AB203: 11001620 | AC203: 11169397 | AD203: 11308387
A204: =D204&"_"&C204 -> Domestic Passengers_Malta | B204: Europe | C204: Malta | D204: Domestic Passengers | E204: - | F204: - | G204: - | H204: - | I204: - | J204: - | K204: - | L204: - | M204: - | N204: - | O204: - | P204: - | Q204: - | R204: - | S204: - | T204: - | U204: - | V204: - | W204: - | X204: - | Y204: - | Z204: - | AA204: - | AB204: - | AC204: - | AD204: -
A205: =D205&"_"&C205 -> Total Cargo_Malta | B205: Europe | C205: Malta | D205: Total Cargo | E205: 0 | F205: 0 | G205: 0 | H205: 0 | I205: 0 | J205: 0 | K205: 0 | L205: 0 | M205: 0 | N205: 0 | O205: 0 | P205: 0 | Q205: 0 | R205: 0 | S205: 0 | T205: 0 | U205: 0 | V205: 0 | W205: 0 | X205: 0 | Y205: 0 | Z205: 0 | AA205: 0 | AB205: 0 | AC205: 0 | AD205: 0
A206: =D206&"_"&C206 -> Total Aircraft Movements_Malta | B206: Europe | C206: Malta | D206: Total Aircraft Movements | E206: 41892 | F206: 42940.188 | G206: 44231.257 | H206: 46291.708 | I206: 48644.445 | J206: 51256.84 | K206: 53894.463 | L206: 56580.634 | M206: 59322.534 | N206: 62048.847 | O206: 64684.49 | P206: 67263.659 | Q206: 69552.092 | R206: 71965.952 | S206: 73989.553 | T206: 75792.694 | U206: 77643.18 | V206: 79756.793 | W206: 82301.034 | X206: 84832.156 | Y206: 87138.941 | Z206: 89377.619 | AA206: 91297.727 | AB206: 92882.259 | AC206: 94249.036 | AD206: 95372.201
A207: =D207&"_"&C207 -> Total Passengers_Malaysia | B207: Asia-Pacific | C207: Malaysia | D207: Total Passengers | E207: 86783047 | F207: 92136475 | G207: 96256401 | H207: 102180803 | I207: 109055982 | J207: 116815644 | K207: 124851388 | L207: 133165792 | M207: 141759864 | N207: 150638133 | O207: 159789731 | P207: 169293466 | Q207: 178869358 | R207: 188500528 | S207: 198258842 | T207: 208015710 | U207: 217947244 | V207: 228172227 | W207: 238673291 | X207: 249421193 | Y207: 260488676 | Z207: 271757502 | AA207: 283245768 | AB207: 294823648 | AC207: 306587470 | AD207: 318537139
A208: =D208&"_"&C208 -> International Passengers_Malaysia | B208: Asia-Pacific | C208: Malaysia | D208: International Passengers | E208: 40017135 | F208: 42435042 | G208: 42491443 | H208: 44703904 | I208: 48043970 | J208: 52755663 | K208: 57735682 | L208: 62955641 | M208: 68366837 | N208: 73989583 | O208: 79845296 | P208: 86027160 | Q208: 92402027 | R208: 98950438 | S208: 105698428 | T208: 112608958 | U208: 119777675 | V208: 127238762 | W208: 134986950 | X208: 143007751 | Y208: 151387421 | Z208: 160025321 | AA208: 169076900 | AB208: 178330128 | AC208: 187868525 | AD208: 197704970
A209: =D209&"_"&C209 -> Domestic Passengers_Malaysia | B209: Asia-Pacific | C209: Malaysia | D209: Domestic Passengers | E209: 46316697 | F209: 49244772 | G209: 53010258 | H209: 56478021 | I209: 59758797 | J209: 62640480 | K209: 65499823 | L209: 68360668 | M209: 71276663 | N209: 74228472 | O209: 77174106 | P209: 80102730 | Q209: 82847828 | R209: 85411789 | S209: 87833924 | T209: 90031812 | U209: 92072889 | V209: 94039566 | W209: 95909826 | X209: 97672491 | Y209: 99338039 | Z209: 100869369 | AA209: 102158718 | AB209: 103259144 | AC209: 104178616 | AD209: 104899489
...

Sheet watf_2017
B1: Metric | C1: Region | D1: Entity | E1: Advanced economies | F1: Emerging and developing economies | G1: G7 | H1: Euro area | I1: European Union | J1: Emerging and Developing Asia | K1: ASEAN-5 | L1: Sub-Saharan Africa | M1: BRICS | N1: NEXT 11 | O1: MINT | P1: Emerging aviation markets | Q1: Major exporters of manufactured goods | R1: 2016 | S1: 2017 | T1: 2018 | U1: 2019 | V1: 2020 | W1: 2021 | X1: 2022 | Y1: 2023 | Z1: 2024 | AA1: 2025 | AB1: 2026 | AC1: 2027 | AD1: 2028 | AE1: 2029 | AF1: 2030 | AG1: 2031 | AH1: 2032 | AI1: 2033 | AJ1: 2034 | AK1: 2035 | AL1: 2036 | AM1: 2037 | AN1: 2038 | AO1: 2039 | AP1: 2040
A2: =B2&"_"&D2 -> Total passengers_Zambia | B2: Total passengers | C2: AFR | D2: Zambia | E2: - | F2: ✓ | G2: - | H2: - | I2: - | J2: - | K2: - | L2: ✓ | M2: - | N2: - | O2: - | P2: - | Q2: - | R2: 1622263 | S2: 1760296 | T2: 1816747 | U2: 1857616 | V2: 1907566 | W2: 1971527 | X2: 2058392 | Y2: 2133823 | Z2: 2217784 | AA2: 2316418 | AB2: 2410500 | AC2: 2510223 | AD2: 2624963 | AE2: 2742251 | AF2: 2870001 | AG2: 3019217 | AH2: 3170166 | AI2: 3316404 | AJ2: 3494931 | AK2: 3661295 | AL2: 3861705 | AM2: 4068781 | AN2: 4272826 | AO2: 4512037 | AP2: 4751339
A3: =B3&"_"&D3 -> International passengers_Zambia | B3: International passengers | C3: AFR | D3: Zambia | E3: - | F3: ✓ | G3: - | H3: - | I3: - | J3: - | K3: - | L3: ✓ | M3: - | N3: - | O3: - | P3: - | Q3: - | R3: 1129947 | S3: 1220109 | T3: 1232859 | U3: 1224078 | V3: 1218208 | W3: 1218523 | X3: 1235390 | Y3: 1242250 | Z3: 1255731 | AA3: 1281063 | AB3: 1303654 | AC3: 1331744 | AD3: 1372643 | AE3: 1417405 | AF3: 1472103 | AG3: 1544743 | AH3: 1620291 | AI3: 1694159 | AJ3: 1792820 | AK3: 1883971 | AL3: 2000457 | AM3: 2122359 | AN3: 2242196 | AO3: 2385777 | AP3: 2536045
A4: =B4&"_"&D4 -> Domestic passengers_Zambia | B4: Domestic passengers | C4: AFR | D4: Zambia | E4: - | F4: ✓ | G4: - | H4: - | I4: - | J4: - | K4: - | L4: ✓ | M4: - | N4: - | O4: - | P4: - | Q4: - | R4: 268190 | S4: 278459 | T4: 280988 | U4: 286164 | V4: 294614 | W4: 308522 | X4: 327057 | Y4: 343169 | Z4: 360982 | AA4: 382221 | AB4: 403055 | AC4: 426195 | AD4: 454391 | AE4: 484708 | AF4: 519465 | AG4: 562015 | AH4: 607901 | AI4: 655388 | AJ4: 715022 | AK4: 774580 | AL4: 847274 | AM4: 925433 | AN4: 1006581 | AO4: 1102817 | AP4: 1195810
A5: =B5&"_"&D5 -> Total Cargo_Zambia | B5: Total Cargo | C5: AFR | D5: Zambia | E5: - | F5: ✓ | G5: - | H5: - | I5: - | J5: - | K5: - | L5: ✓ | M5: - | N5: - | O5: - | P5: - | Q5: - | R5: 17585 | S5: 17649 | T5: 19012 | U5: 20349 | V5: 21750 | W5: 23160 | X5: 24689 | Y5: 26167 | Z5: 27706 | AA5: 29301 | AB5: 30884 | AC5: 32599 | AD5: 34253 | AE5: 35829 | AF5: 37753 | AG5: 39588 | AH5: 41631 | AI5: 43453 | AJ5: 45716 | AK5: 47821 | AL5: 50178 | AM5: 52700 | AN5: 54934 | AO5: 57708 | AP5: 60665
A6: =B6&"_"&D6 -> Total aircraft movements_Zambia | B6: Total aircraft movements | C6: AFR | D6: Zambia | E6: - | F6: ✓ | G6: - | H6: - | I6: - | J6: - | K6: - | L6: ✓ | M6: - | N6: - | O6: - | P6: - | Q6: - | R6: 58425 | S6: 57759 | T6: 58743 | U6: 59224 | V6: 59554 | W6: 59864 | X6: 60252 | Y6: 60681 | Z6: 61205 | AA6: 61769 | AB6: 62428 | AC6: 63128 | AD6: 63858 | AE6: 64644 | AF6: 65524 | AG6: 66499 | AH6: 67568 | AI6: 68707 | AJ6: 69914 | AK6: 71255 | AL6: 72621 | AM6: 74173 | AN6: 75714 | AO6: 77472 | AP6: 79251
A7: =B7&"_"&D7 -> Total passengers_World | B7: Total passengers | C7: - | D7: World | E7: - | F7: - | G7: - | H7: - | I7: - | J7: - | K7: - | L7: - | M7: - | N7: - | O7: - | P7: - | Q7: - | R7: 7689289881 | S7: 8202518098 | T7: 8721190598 | U7: 9227346948 | V7: 9707711074 | W7: 10163902708 | X7: 10677618307 | Y7: 11163493202 | Z7: 11660738675 | AA7: 12211954311 | AB7: 12732186909 | AC7: 13251305292 | AD7: 13823945727 | AE7: 14406903698 | AF7: 15057632922 | AG7: 15663391869 | AH7: 16348657008 | AI7: 16997561466 | AJ7: 17717617193 | AK7: 18388025245 | AL7: 19142394218 | AM7: 19926786504 | AN7: 20645892521 | AO7: 21452589699 | AP7: 22277003225
A8: =B8&"_"&D8 -> International passengers_World | B8: International passengers | C8: - | D8: World | E8: - | F8: - | G8: - | H8: - | I8: - | J8: - | K8: - | L8: - | M8: - | N8: - | O8: - | P8: - | Q8: - | R8: 3110029066 | S8: 3382982466 | T8: 3654176382 | U8: 3910582410 | V8: 4150731039 | W8: 4381445689 | X8: 4636346851 | Y8: 4882521773 | Z8: 5134594487 | AA8: 5418254185 | AB8: 5687992419 | AC8: 5960678955 | AD8: 6260846248 | AE8: 6561401623 | AF8: 6913349827 | AG8: 7232706254 | AH8: 7606906934 | AI8: 7954518043 | AJ8: 8357044479 | AK8: 8717953756 | AL8: 9141043007 | AM8: 9581574839 | AN8: 9979014840 | AO8: 10439433170 | AP8: 10913088919
A9: =B9&"_"&D9 -> Domestic passengers_World | B9: Domestic passengers | C9: - | D9: World | E9: - | F9: - | G9: - | H9: - | I9: - | J9: - | K9: - | L9: - | M9: - | N9: - | O9: - | P9: - | Q9: - | R9: 4493298332 | S9: 4736460951 | T9: 4986730325 | U9: 5239177685 | V9: 5481999615 | W9: 5709995473 | X9: 5971244165 | Y9: 6213296618 | Z9: 6460742829 | AA9: 6730495843 | AB9: 6983113476 | AC9: 7231597264 | AD9: 7506053414 | AE9: 7790372402 | AF9: 8091005435 | AG9: 8379197751 | AH9: 8691991880 | AI9: 8994956794 | AJ9: 9314101495 | AK9: 9625161413 | AL9: 9957949832 | AM9: 10303268302 | AN9: 10626343352 | AO9: 10973983900 | AP9: 11326057634
A10: =B10&"_"&D10 -> Total Cargo_World | B10: Total Cargo | C10: - | D10: World | E10: - | F10: - | G10: - | H10: - | I10: - | J10: - | K10: - | L10: - | M10: - | N10: - | O10: - | P10: - | Q10: - | R10: 110281254 | S10: 119468965 | T10: 127158001 | U10: 132697715 | V10: 137031639 | W10: 140048197 | X10: 143099232 | Y10: 146152729 | Z10: 149208904 | AA10: 152260570 | AB10: 155317617 | AC10: 158389263 | AD10: 161377844 | AE10: 164013591 | AF10: 167951546 | AG10: 170566673 | AH10: 174474530 | AI10: 177070120 | AJ10: 180949426 | AK10: 183526463 | AL10: 187378624 | AM10: 191215121 | AN10: 193764300 | AO10: 197575651 | AP10: 201372455
A11: =B11&"_"&D11 -> Total aircraft movements_World | B11: Total aircraft movements | C11: - | D11: World | E11: - | F11: - | G11: - | H11: - | I11: - | J11: - | K11: - | L11: - | M11: - | N11: - | O11: - | P11: - | Q11: - | R11: 91751269 | S11: 93855449 | T11: 96101464 | U11: 98340277 | V11: 100575368 | W11: 102755792 | X11: 104936217 | Y11: 107116641 | Z11: 109297066 | AA11: 111477490 | AB11: 113657915 | AC11: 115838339 | AD11: 118018763 | AE11: 120199188 | AF11: 122379612 | AG11: 124560037 | AH11: 126740461 | AI11: 128920886 | AJ11: 131101310 | AK11: 133281735 | AL11: 135462159 | AM11: 137642583 | AN11: 139823008 | AO11: 142003432 | AP11: 144183857
A12: =B12&"_"&D12 -> Total passengers_Vietnam | B12: Total passengers | C12: ASP | D12: Vietnam | E12: - | F12: ✓ | G12: - | H12: - | I12: - | J12: ✓ | K12: ✓ | L12: - | M12: - | N12: ✓ | O12: - | P12: ✓ | Q12: - | R12: 80942365 | S12: 96329678 | T12: 113979121 | U12: 130035580 | V12: 144885933 | W12: 158362702 | X12: 171667977 | Y12: 185205093 | Z12: 199440404 | AA12: 213706939 | AB12: 228425423 | AC12: 244548203 | AD12: 263141129 | AE12: 280829268 | AF12: 302707897 | AG12: 322421762 | AH12: 345861641 | AI12: 369237244 | AJ12: 393957658 | AK12: 418808116 | AL12: 446024553 | AM12: 474249359 | AN12: 502734283 | AO12: 533454506 | AP12: 567068950
A13: =B13&"_"&D13 -> International passengers_Vietnam | B13: International passengers | C13: ASP | D13: Vietnam | E13: - | F13: ✓ | G13: - | H13: - | I13: - | J13: ✓ | K13: ✓ | L13: - | M13: - | N13: ✓ | O13: - | P13: ✓ | Q13: - | R13: 23810517 | S13: 28298418 | T13: 32440828 | U13: 36286055 | V13: 40161281 | W13: 44782939 | X13: 48990050 | Y13: 53856360 | Z13: 59091143 | AA13: 64246614 | AB13: 70073137 | AC13: 76882488 | AD13: 85056699 | AE13: 92926618 | AF13: 103411271 | AG13: 112723217 | AH13: 124701824 | AI13: 136710802 | AJ13: 149952342 | AK13: 163994223 | AL13: 179494351 | AM13: 196217551 | AN13: 213902683 | AO13: 233415243 | AP13: 255132707
... A23: =B23&"_"&D23 -> International passengers_Uruguay | B23: International passengers | C23: LAC | D23: Uruguay | E23: - | F23: ✓ | G23: - | H23: - | I23: - | J23: - | K23: - | L23: - | M23: - | N23: - | O23: - | P23: - | Q23: - | R23: 2028473 | S23: 2172306 | T23: 2152059 | U23: 2194484 | V23: 2279674 | W23: 2387687 | X23: 2515842 | Y23: 2639899 | Z23: 2776018 | AA23: 2923375 | AB23: 3089769 | AC23: 3214829 | AD23: 3360245 | AE23: 3521716 | AF23: 3721643 | AG23: 3883867 | AH23: 4077021 | AI23: 4285360 | AJ23: 4471289 | AK23: 4707805 | AL23: 4912326 | AM23: 5163755 | AN23: 5414918 | AO23: 5627630 | AP23: 5884754
A24: =B24&"_"&D24 -> Domestic passengers_Uruguay | B24: Domestic passengers | C24: LAC | D24: Uruguay | E24: - | F24: ✓ | G24: - | H24: - | I24: - | J24: - | K24: - | L24: - | M24: - | N24: - | O24: - | P24: - | Q24: - | R24: - | S24: - | T24: - | U24: - | V24: - | W24: - | X24: - | Y24: - | Z24: - | AA24: - | AB24: - | AC24: - | AD24: - | AE24: - | AF24: - | AG24: - | AH24: - | AI24: - | AJ24: - | AK24: - | AL24: - | AM24: - | AN24: - | AO24: - | AP24: -
A25: =B25&"_"&D25 -> Total Cargo_Uruguay | B25: Total Cargo | C25: LAC | D25: Uruguay | E25: - | F25: ✓ | G25: - | H25: - | I25: - | J25: - | K25: - | L25: - | M25: - | N25: - | O25: - | P25: - | Q25: - | R25: 28992 | S25: 28054 | T25: 27954 | U25: 28188 | V25: 28670 | W25: 29239 | X25: 29848 | Y25: 30412 | Z25: 31079 | AA25: 31683 | AB25: 32566 | AC25: 33138 | AD25: 33698 | AE25: 34293 | AF25: 35299 | AG25: 35820 | AH25: 36686 | AI25: 37447 | AJ25: 38206 | AK25: 39088 | AL25: 39894 | AM25: 40920 | AN25: 41732 | AO25: 42561 | AP25: 43599
A26: =B26&"_"&D26 -> Total aircraft movements_Uruguay | B26: Total aircraft movements | C26: LAC | D26: Uruguay | E26: - | F26: ✓ | G26: - | H26: - | I26: - | J26: - | K26: - | L26: - | M26: - | N26: - | O26: - | P26: - | Q26: - | R26: 32619 | S26: 32463 | T26: 32915 | U26: 32968 | V26: 32976 | W26: 32898 | X26: 32819 | Y26: 32639 | Z26: 32681 | AA26: 32588 | AB26: 32733 | AC26: 32667 | AD26: 32659 | AE26: 32863 | AF26: 32838 | AG26: 32924 | AH26: 33003 | AI26: 33061 | AJ26: 33119 | AK26: 33326 | AL26: 33391 | AM26: 33408 | AN26: 33452 | AO26: 33629 | AP26: 33627
A27: =B27&"_"&D27 -> Total passengers_United Kingdom | B27: Total passengers | C27: EUR | D27: United Kingdom | E27: ✓ | F27: - | G27: ✓ | H27: - | I27: ✓ | J27: - | K27: - | L27: - | M27: - | N27: - | O27: - | P27: - | Q27: ✓ | R27: 272153051 | S27: 286576698 | T27: 291862494 | U27: 297934206 | V27: 305162462 | W27: 313895391 | X27: 325587627 | Y27: 336776939 | Z27: 344836017 | AA27: 356753484 | AB27: 366019461 | AC27: 375032168 | AD27: 383789540 | AE27: 396345476 | AF27: 407114944 | AG27: 415689726 | AH27: 427754891 | AI27: 437649750 | AJ27: 451802056 | AK27: 460805996 | AL27: 472672288 | AM27: 484195505 | AN27: 493159747 | AO27: 506056808 | AP27: 516282328
A28: =B28&"_"&D28 -> International passengers_United Kingdom | B28: International passengers | C28: EUR | D28: United Kingdom | E28: ✓ | F28: - | G28: ✓ | H28: - | I28: ✓ | J28: - | K28: - | L28: - | M28: - | N28: - | O28: - | P28: - | Q28: ✓ | R28: 226259500 | S28: 240338686 | T28: 246628196 | U28: 253152043 | V28: 260383342 | W28: 268564241 | X28: 279180290 | Y28: 289356060 | Z28: 296899227 | AA28: 307773350 | AB28: 316365278 | AC28: 324782883 | AD28: 332929471 | AE28: 344371020 | AF28: 354261163 | AG28: 362282282 | AH28: 373294492 | AI28: 382410254 | AJ28: 395246153 | AK28: 403625652 | AL28: 414465666 | AM28: 425009426 | AN28: 433310546 | AO28: 445073423 | AP28: 454495446
A29: =B29&"_"&D29 -> Domestic passengers_United Kingdom | B29: Domestic passengers | C29: EUR | D29: United Kingdom | E29: ✓ | F29: - | G29: ✓ | H29: - | I29: ✓ | J29: - | K29: - | L29: - | M29: - | N29: - | O29: - | P29: - | Q29: ✓ | R29: 45644056 | S29: 46043196 | T29: 45083034 | U29: 44665316 | V29: 44689287 | W29: 45262392 | X29: 46354931 | Y29: 47381097 | Z29: 47906708 | AA29: 48957471 | AB29: 49637171 | AC29: 50236560 | AD29: 50850584 | AE29: 51967407 | AF29: 52848562 | AG29: 53403590 | AH29: 54457563 | AI29: 55237415 | AJ29: 56554381 | AK29: 57179234 | AL29: 58205815 | AM29: 59185494 | AN29: 59848778 | AO29: 60983080 | AP29: 61786663
A30: =B30&"_"&D30 -> Total Cargo_United Kingdom | B30: Total Cargo | C30: EUR | D30: United Kingdom | E30: ✓ | F30: - | G30: ✓ | H30: - | I30: ✓ | J30: - | K30: - | L30: - | M30: - | N30: - | O30: - | P30: - | Q30: ✓ | R30: 2623742 | S30: 2830347 | T30: 2982829 | U30: 3087310 | V30: 3163562 | W30: 3221589 | X30: 3283271 | Y30: 3346706 | Z30: 3393321 | AA30: 3452935 | AB30: 3497931 | AC30: 3563797 | AD30: 3607203 | AE30: 3672291 | AF30: 3742787 | AG30: 3791010 | AH30: 3867072 | AI30: 3906680 | AJ30: 3996097 | AK30: 4044858 | AL30: 4116726 | AM30: 4182223 | AN30: 4219817 | AO30: 4294569 | AP30: 4352509
A31: =B31&"_"&D31 -> Total aircraft movements_United Kingdom | B31: Total aircraft movements | C31: EUR | D31: United Kingdom | E31: ✓ | F31: - | G31: ✓ | H31: - | I31: ✓ | J31: - | K31: - | L31: - | M31: - | N31: - | O31: - | P31: - | Q31: ✓ | R31: 3196583 | S31: 3277099 | T31: 3345620 | U31: 3422266 | V31: 3503135 | W31: 3593596 | X31: 3677508 | Y31: 3761773 | Z31: 3841353 | AA31: 3924296 | AB31: 4010674 | AC31: 4087897 | AD31: 4169047 | AE31: 4248665 | AF31: 4323652 | AG31: 4405152 | AH31: 4483823 | AI31: 4559813 | AJ31: 4639026 | AK31: 4719841 | AL31: 4795203 | AM31: 4870167 | AN31: 4946250 | AO31: 5023646 | AP31: 5096006
A32: =B32&"_"&D32 -> Total passengers_United Arab Emirates | B32: Total passengers | C32: MEA | D32: United Arab Emirates | E32: - | F32: ✓ | G32: - | H32: - | I32: - | J32: - | K32: - | L32: - | M32: - | N32: - | O32: - | P32: ✓ | Q32: - | R32: 120165076 | S32: 127491716 | T32: 138081256 | U32: 149389089 | V32: 160882926 | W32: 174675133 | X32: 188260285 | Y32: 203197975 | Z32: 217382880 | AA32: 234695199 | AB32: 252302790 | AC32: 268731865 | AD32: 289195390 | AE32: 307819679 | AF32: 330369241 | AG32: 350318769 | AH32: 375263920 | AI32: 396218431 | AJ32: 420617261 | AK32: 445433806 | AL32: 471712912 | AM32: 501461558 | AN32: 527861393 | AO32: 557539082 | AP32: 585418356
A33: =B33&"_"&D33 -> International passengers_United Arab Emirates | B33: International passengers | C33: MEA | D33: United Arab Emirates | E33: - | F33: ✓ | G33: - | H33: - | I33: - | J33: - | K33: - | L33: - | M33: - | N33: - | O33: - | P33: ✓ | Q33: - | R33: 119253009 | S33: 126587888 | T33: 137199471 | U33: 148538992 | V33: 160073151 | W33: 173912974 | X33: 187551464 | Y33: 202546516 | Z33: 216791090 | AA33: 234163744 | AB33: 251830852 | AC33: 268317354 | AD33: 288835190 | AE33: 307509909 | AF33: 330105510 | AG33: 350096406 | AH33: 375078184 | AI33: 396064674 | AJ33: 420491065 | AK33: 445331072 | AL33: 471629923 | AM33: 501395006 | AN33: 527808386 | AO33: 557497134 | AP33: 585385356
A34: =B34&"_"&D34 -> Domestic passengers_United Arab Emirates | B34: Domestic passengers | C34: MEA | D34: United Arab Emirates | E34: - | F34: ✓ | G34: - | H34: - | I34: - | J34: - | K34: - | L34: - | M34: - | N34: - | O34: - | P34: ✓ | Q34: - | R34: - | S34: - | T34: - | U34: - | V34: - | W34: - | X34: - | Y34: - | Z34: - | AA34: - | AB34: - | AC34: - | AD34: - | AE34: - | AF34: - | AG34: - | AH34: - | AI34: - | AJ34: - | AK34: - | AL34: - | AM34: - | AN34: - | AO34: - | AP34: -
A35: =B35&"_"&D35 -> Total Cargo_United Arab Emirates | B35: Total Cargo | C35: MEA | D35: United Arab Emirates | E35: - | F35: ✓ | G35: - | H35: - | I35: - | J35: - | K35: - | L35: - | M35: - | N35: - | O35: - | P35: ✓ | Q35: - | R35: 4459947 | S35: 4393590 | T35: 4456214 | U35: 4600989 | V35: 4788389 | W35: 5069441 | X35: 5329799 | Y35: 5624745 | Z35: 5901966 | AA35: 6201804 | AB35: 6522087 | AC35: 6806775 | AD35: 7127823 | AE35: 7401358 | AF35: 7771579 | AG35: 8059026 | AH35: 8445032 | AI35: 8728035 | AJ35: 9076563 | AK35: 9403326 | AL35: 9764011 | AM35: 10167805 | AN35: 10462423 | AO35: 10837711 | AP35: 11207530
A36: =B36&"_"&D36 -> Total aircraft movements_United Arab Emirates | B36: Total aircraft movements | C36: MEA | D36: United Arab Emirates | E36: - | F36: ✓ | G36: - | H36: - | I36: - | J36: - | K36: - | L36: - | M36: - | N36: - | O36: - | P36: ✓ | Q36: - | R36: 791691 | S36: 814269 | T36: 869186 | U36: 923310 | V36: 972428 | W36: 1013961 | X36: 1052708 | Y36: 1090550 | Z36: 1124836 | AA36: 1157839 | AB36: 1191521 | AC36: 1216334 | AD36: 1240189 | AE36: 1262429 | AF36: 1285752 | AG36: 1305934 | AH36: 1322777 | AI36: 1337169 | AJ36: 1352504 | AK36: 1365922 | AL36: 1379857 | AM36: 1392212 | AN36: 1401696 | AO36: 1411989 | AP36: 1421927
A37: =B37&"_"&D37 -> Total passengers_Ukraine | B37: Total passengers | C37: EUR | D37: Ukraine | E37: - | F37: ✓ | G37: - | H37: - | I37: - | J37: - | K37: - | L37: - | M37: - | N37: - | O37: - | P37: - | Q37: - | R37: 12845675 | S37: 15769945 | T37: 17820317 | U37: 19427526 | V37: 20873567 | W37: 21568048 | X37: 22904232 | Y37: 23683302 | Z37: 24440203 | AA37: 25598691 | AB37: 26548483 | AC37: 27848323 | AD37: 28559739 | AE37: 29578330 | AF37: 30458122 | AG37: 31276344 | AH37: 32090865 | AI37: 33229844 | AJ37: 34636933 | AK37: 35726625 | AL37: 36883640 | AM37: 38106945 | AN37: 38574139 | AO37: 39966822 | AP37: 41157584
A38: =B38&"_"&D38 -> International passengers_Ukraine | B38: International passengers | C38: EUR | D38: Ukraine | E38: - | F38: ✓ | G38: - | H38: - | I38: - | J38: - | K38: - | L38: - | M38: - | N38: - | O38: - | P38: - | Q38: - | R38: 10932737 | S38: 13692391 | T38: 15675869 | U38: 17199597 | V38: 18541457 | W38: 19174190 | X38: 20365948 | Y38: 21059229 | Z38: 21732870 | AA38: 22767523 | AB38: 23653655 | AC38: 24868945 | AD38: 25570925 | AE38: 26549819 | AF38: 27404151 | AG38: 28202918 | AH38: 28987523 | AI38: 30052704 | AJ38: 31356888 | AK38: 32371246 | AL38: 33443780 | AM38: 34583765 | AN38: 35047685 | AO38: 36347357 | AP38: 37464824
A39: =B39&"_"&D39 -> Domestic passengers_Ukraine | B39: Domestic passengers | C39: EUR | D39: Ukraine | E39: - | F39: ✓ | G39: - | H39: - | I39: - | J39: - | K39: - | L39: - | M39: - | N39: - | O39: - | P39: - | Q39: - | R39: 1492895 | S39: 1735279 | T39: 1867109 | U39: 2004359 | V39: 2152739 | W39: 2250587 | X39: 2424329 | Y39: 2533800 | Z39: 2636096 | AA39: 2775163 | AB39: 2850956 | AC39: 2945131 | AD39: 2962171 | AE39: 3007853 | AF39: 3038006 | AG39: 3061126 | AH39: 3093896 | AI39: 3169907 | AJ39: 3274524 | AK39: 3351178 | AL39: 3436673 | AM39: 3520769 | AN39: 3524637 | AO39: 3618099 | AP39: 3691737
A40: =B40&"_"&D40 -> Total Cargo_Ukraine | B40: Total Cargo | C40: EUR | D40: Ukraine | E40: - | F40: ✓ | G40: - | H40: - | I40: - | J40: - | K40: - | L40: - | M40: - | N40: - | O40: - | P40: - | Q40: - | R40: 38778 | S40: 47685 | T40: 50295 | U40: 52925 | V40: 55673 | W40: 57576 | X40: 60642 | Y40: 62660 | Z40: 64508 | AA40: 66787 | AB40: 68445 | AC40: 70894 | AD40: 71916 | AE40: 73405 | AF40: 74993 | AG40: 76126 | AH40: 77593 | AI40: 79319 | AJ40: 81973 | AK40: 83740 | AL40: 85927 | AM40: 88110 | AN40: 88630 | AO40: 91089 | AP40: 93202
A41: =B41&"_"&D41 -> Total aircraft movements_Ukraine | B41: Total aircraft movements | C41: EUR | D41: Ukraine | E41: - | F41: ✓ | G41: - | H41: - | I41: - | J41: - | K41: - | L41: - | M41: - | N41: - | O41: - | P41: - | Q41: - | R41: 122419 | S41: 142105 | T41: 146244 | U41: 152503 | V41: 159995 | W41: 167678 | X41: 176551 | Y41: 184309 | Z41: 192035 | AA41: 200140 | AB41: 207361 | AC41: 214337 | AD41: 220166 | AE41: 225988 | AF41: 231621 | AG41: 237661 | AH41: 243535 | AI41: 250939 | AJ41: 258603 | AK41: 266451 | AL41: 274080 | AM41: 281842 | AN41: 287989 | AO41: 296117 | AP41: 304061
A42: =B42&"_"&D42 -> Total passengers_Uganda | B42: Total passengers | C42: AFR | D42: Uganda | E42: - | F42: ✓ | G42: - | H42: - | I42: - | J42: - | K42: - | L42: - | M42: - | N42: - | O42: - | P42: - | Q42: - | R42: 1549549 | S42: 1661983 | T42: 1737268 | U42: 1822984 | V42: 1923521 | W42: 2042372 | X42: 2162016 | Y42: 2275335 | Z42: 2396043 | AA42: 2541506 | AB42: 2678948 | AC42: 2824430 | AD42: 2996347 | AE42: 3164528 | AF42: 3348483 | AG42: 3558702 | AH42: 3774976 | AI42: 3991454 | AJ42: 4250224 | AK42: 4498461 | AL42: 4791451 | AM42: 5095606 | AN42: 5401380 | AO42: 5756974 | AP42: 6086789
A43: =B43&"_"&D43 -> International passengers_Uganda | B43: International passengers | C43: AFR | D43: Uganda | E43: - | F43: ✓ | G43: - | H43: - | I43: - | J43: - | K43: - | L43: - | M43: - | N43: - | O43: - | P43: - | Q43: - | R43: 1401579 | S43: 1492993 | T43: 1546001 | U43: 1608465 | V43: 1685118 | W43: 1779843 | X43: 1875540 | Y43: 1965533 | Z43: 2063967 | AA43: 2188613 | AB43: 2307060 | AC43: 2435672 | AD43: 2593082 | AE43: 2749282 | AF43: 2923871 | AG43: 3127357 | AH43: 3339485 | AI43: 3554302 | AJ43: 3813753 | AK43: 4064832 | AL43: 4362623 | AM43: 4673321 | AN43: 4987157 | AO43: 5352113 | AP43: 5692376
A44: =B44&"_"&D44 -> Domestic passengers_Uganda | B44: Domestic passengers | C44: AFR | D44: Uganda | E44: - | F44: ✓ | G44: - | H44: - | I44: - | J44: - | K44: - | L44: - | M44: - | N44: - | O44: - | P44: - | Q44: - | R44: - | S44: - | T44: - | U44: - | V44: - | W44: - | X44: - | Y44: - | Z44: - | AA44: - | AB44: - | AC44: - | AD44: - | AE44: - | AF44: - | AG44: - | AH44: - | AI44: - | AJ44: - | AK44: - | AL44: - | AM44: - | AN44: - | AO44: - | AP44: -
A45: =B45&"_"&D45 -> Total Cargo_Uganda | B45: Total Cargo | C45: AFR | D45: Uganda | E45: - | F45: ✓ | G45: - | H45: - | I45: - | J45: - | K45: - | L45: - | M45: - | N45: - | O45: - | P45: - | Q45: - | R45: 59544 | S45: 70880 | T45: 76235 | U45: 79285 | V45: 81239 | W45: 82273 | X45: 83914 | Y45: 85286 | Z45: 86765 | AA45: 88227 | AB45: 89608 | AC45: 91295 | AD45: 92717 | AE45: 93926 | AF45: 95966 | AG45: 97688 | AH45: 99893 | AI45: 101519 | AJ45: 104129 | AK45: 106321 | AL45: 108992 | AM45: 111932 | AN45: 114213 | AO45: 117570 | AP45: 119873
A46: =B46&"_"&D46 -> Total aircraft movements_Uganda | B46: Total aircraft movements | C46: AFR | D46: Uganda | E46: - | F46: ✓ | G46: - | H46: - | I46: - | J46: - | K46: - | L46: - | M46: - | N46: - | O46: - | P46: - | Q46: - | R46: 42099 | S46: 43964 | T46: 45213 | U46: 46160 | V46: 46965 | W46: 47591 | X46: 48206 | Y46: 48828 | Z46: 49475 | AA46: 50107 | AB46: 50756 | AC46: 51366 | AD46: 51959 | AE46: 52529 | AF46: 53131 | AG46: 53698 | AH46: 54278 | AI46: 54839 | AJ46: 55372 | AK46: 55923 | AL46: 56403 | AM46: 56949 | AN46: 57394 | AO46: 57907 | AP46: 58402
A47: =B47&"_"&D47 -> Total passengers_Turkey | B47: Total passengers | C47: EUR | D47: Turkey | E47: - | F47: ✓ | G47: - | H47: - | I47: - | J47: - | K47: - | L47: - | M47: - | N47: ✓ | O47: ✓ | P47: ✓ | Q47: - | R47: 174037105 | S47: 183994386 | T47: 194580245 | U47: 204436736 | V47: 213749578 | W47: 221532698 | X47: 230611767 | Y47: 239644101 | Z47: 247729998 | AA47: 258857318 | AB47: 268146822 | AC47: 278297508 | AD47: 287158999 | AE47: 298848383 | AF47: 309180419 | AG47: 318324945 | AH47: 329185378 | AI47: 338402278 | AJ47: 350884831 | AK47: 360436521 | AL47: 371026904 | AM47: 381352347 | AN47: 389593649 | AO47: 400858485 | AP47: 409865457
A48: =B48&"_"&D48 -> International passengers_Turkey | B48: International passengers | C48: EUR | D48: Turkey | E48: - | F48: ✓ | G48: - | H48: - | I48: - | J48: - | K48: - | L48: - | M48: - | N48: ✓ | O48: ✓ | P48: ✓ | Q48: - | R48: 71212541 | S48: 78550295 | T48: 81031127 | U48: 84484113 | V48: 88492672 | W48: 92722342 | X48: 97717511 | Y48: 102928793 | Z48: 107943612 | AA48: 114486457 | AB48: 120371784 | AC48: 126765879 | AD48: 132671685 | AE48: 139989625 | AF48: 146777739 | AG48: 152946827 | AH48: 160060587 | AI48: 166462420 | AJ48: 174548593 | AK48: 181237416 | AL48: 188508878 | AM48: 195716489 | AN48: 201895120 | AO48: 209679202 | AP48: 216308044
A49: =B49&"_"&D49 -> Domestic passengers_Turkey | B49: Domestic passengers | C49: EUR | D49: Turkey | E49: - | F49: ✓ | G49: - | H49: - | I49: - | J49: - | K49: - | L49: - | M49: - | N49: ✓ | O49: ✓ | P49: ✓ | Q49: - | R49: 102418441 | S49: 105135345 | T49: 113315721 | U49: 119777090 | V49: 125125517 | W49: 128712447 | X49: 132821603 | Y49: 136661611 | Z49: 139746853 | AA49: 144341865 | AB49: 147753847 | AC49: 151516196 | AD49: 154476114 | AE49: 158850655 | AF49: 162396837 | AG49: 165373919 | AH49: 169121782 | AI49: 171937709 | AJ49: 176334708 | AK49: 179198018 | AL49: 182517257 | AM49: 185635315 | AN49: 187698147 | AO49: 191179016 | AP49: 193557225
A50: =B50&"_"&D50 -> Total Cargo_Turkey | B50: Total Cargo | C50: EUR | D50: Turkey | E50: - | F50: ✓ | G50: - | H50: - | I50: - | J50: - | K50: - | L50: - | M50: - | N50: ✓ | O50: ✓ | P50: ✓ | Q50: - | R50: 1059711 | S50: 1201353 | T50: 1326599 | U50: 1424440 | V50: 1504103 | W50: 1559318 | X50: 1617653 | Y50: 1679130 | Z50: 1734164 | AA50: 1797550 | AB50: 1853622 | AC50: 1920596 | AD50: 1974966 | AE50: 2040868 | AF50: 2109619 | AG50: 2161330 | AH50: 2229908 | AI50: 2277534 | AJ50: 2353936 | AK50: 2405744 | AL50: 2470961 | AM50: 2532394 | AN50: 2576349 | AO50: 2642343 | AP50: 2697039
A51: =B51&"_"&D51 -> Total aircraft movements_Turkey | B51: Total aircraft movements | C51: EUR | D51: Turkey | E51: - | F51: ✓ | G51: - | H51: - | I51: - | J51: - | K51: - | L51: - | M51: - | N51: ✓ | O51: ✓ | P51: ✓ | Q51: - | R51: 1451554 | S51: 1485975 | T51: 1576758 | U51: 1670488 | V51: 1763931 | W51: 1809050 | X51: 1888636 | Y51: 1977790 | Z51: 2073895 | AA51: 2147783 | AB51: 2227917 | AC51: 2339055 | AD51: 2420737 | AE51: 2503629 | AF51: 2620019 | AG51: 2693405 | AH51: 2770951 | AI51: 2884711 | AJ51: 2966948 | AK51: 3050024 | AL51: 3130811 | AM51: 3213540 | AN51: 3297545 | AO51: 3382488 | AP51: 3462457
A52: =B52&"_"&D52 -> Total passengers_Tunisia | B52: Total passengers | C52: AFR | D52: Tunisia | E52: - | F52: ✓ | G52: - | H52: - | I52: - | J52: - | K52: - | L52: - | M52: - | N52: - | O52: - | P52: - | Q52: - | R52: 8028796 | S52: 8321762 | T52: 8811985 | U52: 9140896 | V52: 9421611 | W52: 9666200 | X52: 10002614 | Y52: 10276340 | Z52: 10572464 | AA52: 10915619 | AB52: 11209217 | AC52: 11507373 | AD52: 11863137 | AE52: 12208972 | AF52: 12589529 | AG52: 13029626 | AH52: 13465677 | AI52: 13863170 | AJ52: 14373656 | AK52: 14811203 | AL52: 15357696 | AM52: 15905704 | AN52: 16415494 | AO52: 17032273 | AP52: 17619433
A53: =B53&"_"&D53 -> International passengers_Tunisia | B53: International passengers | C53: AFR | D53: Tunisia | E53: - | F53: ✓ | G53: - | H53: - | I53: - | J53: - | K53: - | L53: - | M53: - | N53: - | O53: - | P53: - | Q53: - | R53: 7503793 | S53: 7803207 | T53: 8240023 | U53: 8535623 | V53: 8790364 | W53: 9014610 | X53: 9323123 | Y53: 9572135 | Z53: 9840458 | AA53: 10151457 | AB53: 10415242 | AC53: 10681731 | AD53: 11000828 | AE53: 11309099 | AF53: 11648217 | AG53: 12040152 | AH53: 12426771 | AI53: 12776319 | AJ53: 13228379 | AK53: 13611601 | AL53: 14093113 | AM53: 14574144 | AN53: 15018453 | AO53: 15558999 | AP53: 16070470
A54: =B54&"_"&D54 -> Domestic passengers_Tunisia | B54: Domestic passengers | C54: AFR | D54: Tunisia | E54: - | F54: ✓ | G54: - | H54: - | I54: - | J54: - | K54: - | L54: - | M54: - | N54: - | O54: - | P54: - | Q54: - | R54: 437685 | S54: 440009 | T54: 501939 | U54: 543416 | V54: 577100 | W54: 604625 | X54: 639125 | Y54: 669822 | Z54: 702978 | AA54: 739864 | AB54: 773806 | AC54: 809035 | AD54: 848741 | AE54: 888869 | AF54: 932449 | AG54: 982382 | AH54: 1033267 | AI54: 1082393 | AJ54: 1141770 | AK54: 1196858 | AL54: 1262446 | AM54: 1329902 | AN54: 1395761 | AO54: 1472288 | AP54: 1548207
A55: =B55&"_"&D55 -> Total Cargo_Tunisia | B55: Total Cargo | C55: AFR | D55: Tunisia | E55: - | F55: ✓ | G55: - | H55: - | I55: - | J55: - | K55: - | L55: - | M55: - | N55: - | O55: - | P55: - | Q55: - | R55: 27015 | S55: 31377 | T55: 34084 | U55: 35677 | V55: 36850 | W55: 37746 | X55: 38859 | Y55: 39855 | Z55: 40948 | AA55: 42099 | AB55: 43206 | AC55: 44500 | AD55: 45684 | AE55: 46772 | AF55: 48302 | AG55: 49749 | AH55: 51453 | AI55: 52883 | AJ55: 54852 | AK55: 56629 | AL55: 58709 | AM55: 60974 | AN55: 62909 | AO55: 65281 | AP55: 68186
A56: =B56&"_"&D56 -> Total aircraft movements_Tunisia | B56: Total aircraft movements | C56: AFR | D56: Tunisia | E56: - | F56: ✓ | G56: - | H56: - | I56: - | J56: - | K56: - | L56: - | M56: - | N56: - | O56: - | P56: - | Q56: - | R56: 105041 | S56: 109534 | T56: 106267 | U56: 106016 | V56: 107058 | W56: 109516 | X56: 111862 | Y56: 114030 | Z56: 116163 | AA56: 118145 | AB56: 120085 | AC56: 121952 | AD56: 123737 | AE56: 125492 | AF56: 127320 | AG56: 129188 | AH56: 131152 | AI56: 133125 | AJ56: 135098 | AK56: 137189 | AL56: 139165 | AM56: 141350 | AN56: 143345 | AO56: 145575 | AP56: 147819
... A60: =B60&"_"&D60 -> Total Cargo_Trinidad and Tobago | B60: Total Cargo | C60: LAC | D60: Trinidad and Tobago | E60: - | F60: ✓ | G60: - | H60: - | I60: - | J60: - | K60: - | L60: - | M60: - | N60: - | O60: - | P60: - | Q60: - | R60: 45020 | S60: 41340 | T60: 41129 | U60: 41370 | V60: 41911 | W60: 42139 | X60: 42398 | Y60: 42619 | Z60: 43024 | AA60: 43427 | AB60: 44237 | AC60: 44648 | AD60: 45075 | AE60: 45576 | AF60: 46654 | AG60: 47096 | AH60: 47990 | AI60: 48749 | AJ60: 49508 | AK60: 50423 | AL60: 51257 | AM60: 52452 | AN60: 53374 | AO60: 54314 | AP60: 55515
A61: =B61&"_"&D61 -> Total aircraft movements_Trinidad and Tobago | B61: Total aircraft movements | C61: LAC | D61: Trinidad and Tobago | E61: - | F61: ✓ | G61: - | H61: - | I61: - | J61: - | K61: - | L61: - | M61: - | N61: - | O61: - | P61: - | Q61: - | R61: - | S61: - | T61: - | U61: - | V61: - | W61: - | X61: - | Y61: - | Z61: - | AA61: - | AB61: - | AC61: - | AD61: - | AE61: - | AF61: - | AG61: - | AH61: - | AI61: - | AJ61: - | AK61: - | AL61: - | AM61: - | AN61: - | AO61: - | AP61: -
A62: =B62&"_"&D62 -> Total passengers_Togo | B62: Total passengers | C62: AFR | D62: Togo | E62: - | F62: ✓ | G62: - | H62: - | I62: - | J62: - | K62: - | L62: ✓ | M62: - | N62: - | O62: - | P62: - | Q62: - | R62: 758784 | S62: 815323 | T62: 895242 | U62: 959262 | V62: 1017527 | W62: 1061076 | X62: 1112375 | Y62: 1156708 | Z62: 1202555 | AA62: 1253659 | AB62: 1298734 | AC62: 1342704 | AD62: 1392851 | AE62: 1440502 | AF62: 1491389 | AG62: 1546506 | AH62: 1599326 | AI62: 1645856 | AJ62: 1703897 | AK62: 1751315 | AL62: 1809810 | AM62: 1866885 | AN62: 1917606 | AO62: 1978852 | AP62: 2034716
A63: =B63&"_"&D63 -> International passengers_Togo | B63: International passengers | C63: AFR | D63: Togo | E63: - | F63: ✓ | G63: - | H63: - | I63: - | J63: - | K63: - | L63: ✓ | M63: - | N63: - | O63: - | P63: - | Q63: - | R63: 679033 | S63: 737796 | T63: 820553 | U63: 887957 | V63: 950076 | W63: 997852 | X63: 1053649 | Y63: 1102651 | Z63: 1153234 | AA63: 1209046 | AB63: 1258714 | AC63: 1307095 | AD63: 1361409 | AE63: 1412943 | AF63: 1467403 | AG63: 1525765 | AH63: 1581502 | AI63: 1630626 | AJ63: 1690954 | AK63: 1740369 | AL63: 1800596 | AM63: 1859162 | AN63: 1911158 | AO63: 1973488 | AP63: 2030267
A64: =B64&"_"&D64 -> Domestic passengers_Togo | B64: Domestic passengers | C64: AFR | D64: Togo | E64: - | F64: ✓ | G64: - | H64: - | I64: - | J64: - | K64: - | L64: ✓ | M64: - | N64: - | O64: - | P64: - | Q64: - | R64: - | S64: - | T64: - | U64: - | V64: - | W64: - | X64: - | Y64: - | Z64: - | AA64: - | AB64: - | AC64: - | AD64: - | AE64: - | AF64: - | AG64: - | AH64: - | AI64: - | AJ64: - | AK64: - | AL64: - | AM64: - | AN64: - | AO64: - | AP64: -
A65: =B65&"_"&D65 -> Total Cargo_Togo | B65: Total Cargo | C65: AFR | D65: Togo | E65: - | F65: ✓ | G65: - | H65: - | I65: - | J65: - | K65: - | L65: ✓ | M65: - | N65: - | O65: - | P65: - | Q65: - | R65: - | S65: - | T65: - | U65: - | V65: - | W65: - | X65: - | Y65: - | Z65: - | AA65: - | AB65: - | AC65: - | AD65: - | AE65: - | AF65: - | AG65: - | AH65: - | AI65: - | AJ65: - | AK65: - | AL65: - | AM65: - | AN65: - | AO65: - | AP65: -
A66: =B66&"_"&D66 -> Total aircraft movements_Togo | B66: Total aircraft movements | C66: AFR | D66: Togo | E66: - | F66: ✓ | G66: - | H66: - | I66: - | J66: - | K66: - | L66: ✓ | M66: - | N66: - | O66: - | P66: - | Q66: - | R66: - | S66: - | T66: - | U66: - | V66: - | W66: - | X66: - | Y66: - | Z66: - | AA66: - | AB66: - | AC66: - | AD66: - | AE66: - | AF66: - | AG66: - | AH66: - | AI66: - | AJ66: - | AK66: - | AL66: - | AM66: - | AN66: - | AO66: - | AP66: -
A67: =B67&"_"&D67 -> Total passengers_Thailand | B67: Total passengers | C67: ASP | D67: Thailand | E67: - | F67: ✓ | G67: - | H67: - | I67: - | J67: ✓ | K67: ✓ | L67: - | M67: - | N67: - | O67: - | P67: ✓ | Q67: ✓ | R67: 141518261 | S67: 155619843 | T67: 174164687 | U67: 190410445 | V67: 204777560 | W67: 217028428 | X67: 231350521 | Y67: 244557061 | Z67: 259566826 | AA67: 273702168 | AB67: 287949391 | AC67: 302631061 | AD67: 319013326 | AE67: 334243865 | AF67: 352747556 | AG67: 368977100 | AH67: 386895097 | AI67: 403678930 | AJ67: 420598096 | AK67: 436366864 | AL67: 452572679 | AM67: 468468075 | AN67: 481425125 | AO67: 496229256 | AP67: 512437730
A68: =B68&"_"&D68 -> International passengers_Thailand | B68: International passengers | C68: ASP | D68: Thailand | E68: - | F68: ✓ | G68: - | H68: - | I68: - | J68: ✓ | K68: ✓ | L68: - | M68: - | N68: - | O68: - | P68: ✓ | Q68: ✓ | R68: 70113306 | S68: 76089150 | T68: 83945187 | U68: 91379371 | V68: 98450289 | W68: 105317754 | X68: 113533485 | Y68: 121443647 | Z68: 130636243 | AA68: 139434250 | AB68: 148751579 | AC68: 158541689 | AD68: 169432435 | AE68: 179917282 | AF68: 192644234 | AG68: 204332224 | AH68: 217276967 | AI68: 229663636 | AJ68: 242376804 | AK68: 254769866 | AL68: 267352486 | AM68: 280184000 | AN68: 290932640 | AO68: 303358631 | AP68: 316843775
A69: =B69&"_"&D69 -> Domestic passengers_Thailand | B69: Domestic passengers | C69: ASP | D69: Thailand | E69: - | F69: ✓ | G69: - | H69: - | I69: - | J69: ✓ | K69: ✓ | L69: - | M69: - | N69: - | O69: - | P69: ✓ | Q69: ✓ | R69: 70489551 | S69: 78700921 | T69: 89476849 | U69: 98372000 | V69: 105747027 | W69: 111203669 | X69: 117377168 | Y69: 122734346 | Z69: 128605972 | AA69: 133991598 | AB69: 138963921 | AC69: 143892444 | AD69: 149415913 | AE69: 154189024 | AF69: 159989133 | AG69: 164550484 | AH69: 169540408 | AI69: 173951533 | AJ69: 178169165 | AK69: 181554521 | AL69: 185185683 | AM69: 188256117 | AN69: 190469894 | AO69: 192852416 | AP69: 195579311
A70: =B70&"_"&D70 -> Total Cargo_Thailand | B70: Total Cargo | C70: ASP | D70: Thailand | E70: - | F70: ✓ | G70: - | H70: - | I70: - | J70: ✓ | K70: ✓ | L70: - | M70: - | N70: - | O70: - | P70: ✓ | Q70: ✓ | R70: 1469646 | S70: 1649081 | T70: 1816864 | U70: 1938797 | V70: 2032825 | W70: 2088402 | X70: 2151016 | Y70: 2207069 | Z70: 2266383 | AA70: 2319310 | AB70: 2374165 | AC70: 2430275 | AD70: 2484617 | AE70: 2532086 | AF70: 2597459 | AG70: 2640517 | AH70: 2705465 | AI70: 2754199 | AJ70: 2813846 | AK70: 2853647 | AL70: 2915745 | AM70: 2977748 | AN70: 3015821 | AO70: 3074273 | AP70: 3134452
A71: =B71&"_"&D71 -> Total aircraft movements_Thailand | B71: Total aircraft movements | C71: ASP | D71: Thailand | E71: - | F71: ✓ | G71: - | H71: - | I71: - | J71: ✓ | K71: ✓ | L71: - | M71: - | N71: - | O71: - | P71: ✓ | Q71: ✓ | R71: 1058143 | S71: 1093933 | T71: 1143071 | U71: 1193779 | V71: 1248009 | W71: 1298929 | X71: 1357606 | Y71: 1410805 | Z71: 1468212 | AA71: 1522012 | AB71: 1576146 | AC71: 1633350 | AD71: 1689080 | AE71: 1745544 | AF71: 1802977 | AG71: 1852266 | AH71: 1903232 | AI71: 1953108 | AJ71: 1995318 | AK71: 2034654 | AL71: 2073651 | AM71: 2107537 | AN71: 2130477 | AO71: 2159754 | AP71: 2185829
A72: =B72&"_"&D72 -> Total passengers_Tanzania | B72: Total passengers | C72: AFR | D72: Tanzania | E72: - | F72: ✓ | G72: - | H72: - | I72: - | J72: - | K72: - | L72: ✓ | M72: - | N72: - | O72: - | P72: - | Q72: - | R72: 5023190 | S72: 5271500 | T72: 5627900 | U72: 6007363 | V72: 6430177 | W72: 6864007 | X72: 7374629 | Y72: 7914834 | Z72: 8451760 | AA72: 9012415 | AB72: 9594620 | AC72: 10152965 | AD72: 10839565 | AE72: 11362048 | AF72: 12318920 | AG72: 12999061 | AH72: 13943079 | AI72: 14784464 | AJ72: 15694847 | AK72: 16776347 | AL72: 17910848 | AM72: 19316188 | AN72: 20264163 | AO72: 21956687 | AP72: 23545075
A73: =B73&"_"&D73 -> International passengers_Tanzania | B73: International passengers | C73: AFR | D73: Tanzania | E73: - | F73: ✓ | G73: - | H73: - | I73: - | J73: - | K73: - | L73: ✓ | M73: - | N73: - | O73: - | P73: - | Q73: - | R73: 2212984 | S73: 2365019 | T73: 2659110 | U73: 2925678 | V73: 3196473 | W73: 3448312 | X73: 3744874 | Y73: 4061076 | Z73: 4379014 | AA73: 4713045 | AB73: 5061773 | AC73: 5399988 | AD73: 5811082 | AE73: 6133536 | AF73: 6698613 | AG73: 7111921 | AH73: 7673973 | AI73: 8180248 | AJ73: 8726521 | AK73: 9370489 | AL73: 10045933 | AM73: 10876375 | AN73: 11449022 | AO73: 12446367 | AP73: 13386785
A74: =B74&"_"&D74 -> Domestic passengers_Tanzania | B74: Domestic passengers | C74: AFR | D74: Tanzania | E74: - | F74: ✓ | G74: - | H74: - | I74: - | J74: - | K74: - | L74: ✓ | M74: - | N74: - | O74: - | P74: - | Q74: - | R74: 2419973 | S74: 2504491 | T74: 2558398 | U74: 2666511 | V74: 2817523 | W74: 3002310 | X74: 3222873 | Y74: 3456869 | Z74: 3689014 | AA74: 3931546 | AB74: 4183212 | AC74: 4423302 | AD74: 4720021 | AE74: 4942014 | AF74: 5356057 | AG74: 5645008 | AH74: 6048605 | AI74: 6404566 | AJ74: 6788523 | AK74: 7244732 | AL74: 7721189 | AM74: 8312150 | AN74: 8702189 | AO74: 9410739 | AP74: 10070787
A75: =B75&"_"&D75 -> Total Cargo_Tanzania | B75: Total Cargo | C75: AFR | D75: Tanzania | E75: - | F75: ✓ | G75: - | H75: - | I75: - | J75: - | K75: - | L75: ✓ | M75: - | N75: - | O75: - | P75: - | Q75: - | R75: 24653 | S75: 23495 | T75: 23407 | U75: 23247 | V75: 23150 | W75: 23158 | X75: 23276 | Y75: 23336 | Z75: 23442 | AA75: 23583 | AB75: 23701 | AC75: 23905 | AD75: 24049 | AE75: 24129 | AF75: 24428 | AG75: 24649 | AH75: 24978 | AI75: 25157 | AJ75: 25570 | AK75: 25870 | AL75: 26284 | AM75: 26756 | AN75: 27058 | AO75: 27600 | AP75: 28197
A76: =B76&"_"&D76 -> Total aircraft movements_Tanzania | B76: Total aircraft movements | C76: AFR | D76: Tanzania | E76: - | F76: ✓ | G76: - | H76: - | I76: - | J76: - | K76: - | L76: ✓ | M76: - | N76: - | O76: - | P76: - | Q76: - | R76: 208546 | S76: 212947 | T76: 214169 | U76: 216418 | V76: 219568 | W76: 222800 | X76: 225883 | Y76: 230010 | Z76: 233559 | AA76: 236429 | AB76: 240052 | AC76: 242693 | AD76: 246043 | AE76: 249867 | AF76: 250975 | AG76: 254890 | AH76: 256862 | AI76: 259877 | AJ76: 263539 | AK76: 265838 | AL76: 268981 | AM76: 270978 | AN76: 276163 | AO76: 277628 | AP76: 280105
A77: =B77&"_"&D77 -> Total passengers_Switzerland | B77: Total passengers | C77: EUR | D77: Switzerland | E77: ✓ | F77: - | G77: - | H77: - | I77: - | J77: - | K77: - | L77: - | M77: - | N77: - | O77: - | P77: - | Q77: ✓ | R77: 51815358 | S77: 54442447 | T77: 56497605 | U77: 58541638 | V77: 60590145 | W77: 62665318 | X77: 65051901 | Y77: 67441992 | Z77: 69372616 | AA77: 72074508 | AB77: 74235436 | AC77: 76735507 | AD77: 78774813 | AE77: 81584634 | AF77: 84129210 | AG77: 86499874 | AH77: 89263943 | AI77: 91532405 | AJ77: 94625475 | AK77: 97009465 | AL77: 99511205 | AM77: 101870561 | AN77: 103641759 | AO77: 106200369 | AP77: 108286695
A78: =B78&"_"&D78 -> International passengers_Switzerland | B78: International passengers | C78: EUR | D78: Switzerland | E78: ✓ | F78: - | G78: - | H78: - | I78: - | J78: - | K78: - | L78: - | M78: - | N78: - | O78: - | P78: - | Q78: ✓ | R78: 50024429 | S78: 52716083 | T78: 54703368 | U78: 56696085 | V78: 58701692 | W78: 60743056 | X78: 63087556 | Y78: 65441570 | Z78: 67346164 | AA78: 70000818 | AB78: 72131355 | AC78: 74597400 | AD78: 76611819 | AE78: 79376760 | AF78: 81889712 | AG78: 84234041 | AH78: 86961720 | AI78: 89206317 | AJ78: 92253471 | AK78: 94613299 | AL78: 97082141 | AM78: 99410507 | AN78: 101163883 | AO78: 103685242 | AP78: 105750077
... A93: =B93&"_"&D93 -> International passengers_Sri Lanka | B93: International passengers | C93: ASP | D93: Sri Lanka | E93: - | F93: ✓ | G93: - | H93: - | I93: - | J93: ✓ | K93: - | L93: - | M93: - | N93: - | O93: - | P93: - | Q93: - | R93: 9460787 | S93: 9672112 | T93: 10733929 | U93: 11786434 | V93: 12783579 | W93: 13689553 | X93: 14923317 | Y93: 16066987 | Z93: 16783569 | AA93: 18349295 | AB93: 19413671 | AC93: 20516447 | AD93: 21768207 | AE93: 22948185 | AF93: 24316073 | AG93: 26051006 | AH93: 27414100 | AI93: 29229391 | AJ93: 31042189 | AK93: 32757180 | AL93: 34630670 | AM93: 36465064 | AN93: 38712403 | AO93: 40524379 | AP93: 42959159
A94: =B94&"_"&D94 -> Domestic passengers_Sri Lanka | B94: Domestic passengers | C94: ASP | D94: Sri Lanka | E94: - | F94: ✓ | G94: - | H94: - | I94: - | J94: ✓ | K94: - | L94: - | M94: - | N94: - | O94: - | P94: - | Q94: - | R94: - | S94: - | T94: - | U94: - | V94: - | W94: - | X94: - | Y94: - | Z94: - | AA94: - | AB94: - | AC94: - | AD94: - | AE94: - | AF94: - | AG94: - | AH94: - | AI94: - | AJ94: - | AK94: - | AL94: - | AM94: - | AN94: - | AO94: - | AP94: -
A95: =B95&"_"&D95 -> Total Cargo_Sri Lanka | B95: Total Cargo | C95: ASP | D95: Sri Lanka | E95: - | F95: ✓ | G95: - | H95: - | I95: - | J95: ✓ | K95: - | L95: - | M95: - | N95: - | O95: - | P95: - | Q95: - | R95: 250617 | S95: 269383 | T95: 299658 | U95: 320943 | V95: 337228 | W95: 345889 | X95: 357388 | Y95: 367775 | Z95: 375826 | AA95: 388506 | AB95: 398630 | AC95: 408948 | AD95: 418952 | AE95: 427780 | AF95: 439621 | AG95: 450346 | AH95: 462088 | AI95: 473691 | AJ95: 487127 | AK95: 497076 | AL95: 510863 | AM95: 524614 | AN95: 536658 | AO95: 549710 | AP95: 565582
A96: =B96&"_"&D96 -> Total aircraft movements_Sri Lanka | B96: Total aircraft movements | C96: ASP | D96: Sri Lanka | E96: - | F96: ✓ | G96: - | H96: - | I96: - | J96: ✓ | K96: - | L96: - | M96: - | N96: - | O96: - | P96: - | Q96: - | R96: 68091 | S96: 64141 | T96: 65973 | U96: 68892 | V96: 72352 | W96: 76021 | X96: 81681 | Y96: 86835 | Z96: 88213 | AA96: 95808 | AB96: 99733 | AC96: 103898 | AD96: 108259 | AE96: 112686 | AF96: 117101 | AG96: 124704 | AH96: 128539 | AI96: 136056 | AJ96: 142802 | AK96: 149088 | AL96: 155649 | AM96: 161474 | AN96: 170744 | AO96: 175992 | AP96: 184754
A97: =B97&"_"&D97 -> Total passengers_Spain | B97: Total passengers | C97: EUR | D97: Spain | E97: ✓ | F97: - | G97: - | H97: ✓ | I97: ✓ | J97: - | K97: - | L97: - | M97: - | N97: - | O97: - | P97: - | Q97: ✓ | R97: 229911972 | S97: 247968584 | T97: 258085556 | U97: 267841415 | V97: 277454011 | W97: 287010449 | X97: 298008412 | Y97: 308549129 | Z97: 317505650 | AA97: 330028481 | AB97: 340116603 | AC97: 351303772 | AD97: 360932465 | AE97: 374148485 | AF97: 385699251 | AG97: 396557832 | AH97: 409379956 | AI97: 420138359 | AJ97: 435002202 | AK97: 446362719 | AL97: 459069296 | AM97: 471456277 | AN97: 481357551 | AO97: 495106185 | AP97: 506252236
A98: =B98&"_"&D98 -> International passengers_Spain | B98: International passengers | C98: EUR | D98: Spain | E98: ✓ | F98: - | G98: - | H98: ✓ | I98: ✓ | J98: - | K98: - | L98: - | M98: - | N98: - | O98: - | P98: - | Q98: ✓ | R98: 161782754 | S98: 175683996 | T98: 184860270 | U98: 193885850 | V98: 202728680 | W98: 211060388 | X98: 220448447 | Y98: 229228390 | Z98: 236847718 | AA98: 246853279 | AB98: 255063010 | AC98: 264142877 | AD98: 272098732 | AE98: 282795231 | AF98: 292280010 | AG98: 301275037 | AH98: 311476686 | AI98: 320459209 | AJ98: 332617471 | AK98: 342140331 | AL98: 352398063 | AM98: 362427042 | AN98: 370212271 | AO98: 381294635 | AP98: 389996216
A99: =B99&"_"&D99 -> Domestic passengers_Spain | B99: Domestic passengers | C99: EUR | D99: Spain | E99: ✓ | F99: - | G99: - | H99: ✓ | I99: ✓ | J99: - | K99: - | L99: - | M99: - | N99: - | O99: - | P99: - | Q99: ✓ | R99: 67590968 | S99: 71838353 | T99: 72857416 | U99: 73653851 | V99: 74479050 | W99: 75749922 | X99: 77398006 | Y99: 79190202 | Z99: 80553128 | AA99: 83091373 | AB99: 84986781 | AC99: 87107833 | AD99: 88791734 | AE99: 91320123 | AF99: 93393190 | AG99: 95262375 | AH99: 97887314 | AI99: 99666720 | AJ99: 102375079 | AK99: 104214914 | AL99: 106665464 | AM99: 109024796 | AN99: 111141875 | AO99: 113808947 | AP99: 116254038
A100: =B100&"_"&D100 -> Total Cargo_Spain | B100: Total Cargo | C100: EUR | D100: Spain | E100: ✓ | F100: - | G100: - | H100: ✓ | I100: ✓ | J100: - | K100: - | L100: - | M100: - | N100: - | O100: - | P100: - | Q100: ✓ | R100: 829789 | S100: 918325 | T100: 1004530 | U100: 1055427 | V100: 1083578 | W100: 1095281 | X100: 1103869 | Y100: 1112891 | Z100: 1116293 | AA100: 1119797 | AB100: 1122724 | AC100: 1132470 | AD100: 1131103 | AE100: 1140718 | AF100: 1147897 | AG100: 1152387 | AH100: 1165334 | AI100: 1163219 | AJ100: 1180092 | AK100: 1184949 | AL100: 1192444 | AM100: 1198012 | AN100: 1195606 | AO100: 1203670 | AP100: 1206838
A101: =B101&"_"&D101 -> Total aircraft movements_Spain | B101: Total aircraft movements | C101: EUR | D101: Spain | E101: ✓ | F101: - | G101: - | H101: ✓ | I101: ✓ | J101: - | K101: - | L101: - | M101: - | N101: - | O101: - | P101: - | Q101: ✓ | R101: 2045034 | S101: 2124369 | T101: 2226705 | U101: 2309447 | V101: 2381965 | W101: 2448016 | X101: 2511354 | Y101: 2576110 | Z101: 2638341 | AA101: 2703825 | AB101: 2772064 | AC101: 2833513 | AD101: 2897087 | AE101: 2959570 | AF101: 3018506 | AG101: 3081926 | AH101: 3143474 | AI101: 3203002 | AJ101: 3264551 | AK101: 3327036 | AL101: 3385567 | AM101: 3444135 | AN101: 3503896 | AO101: 3565477 | AP101: 3625028
A102: =B102&"_"&D102 -> Total passengers_South Africa | B102: Total passengers | C102: AFR | D102: South Africa | E102: - | F102: ✓ | G102: - | H102: - | I102: - | J102: - | K102: - | L102: ✓ | M102: ✓ | N102: - | O102: - | P102: ✓ | Q102: - | R102: 40121117 | S102: 41456462 | T102: 43140655 | U102: 43895163 | V102: 44340526 | W102: 44375223 | X102: 44841628 | Y102: 45123040 | Z102: 45491982 | AA102: 46076521 | AB102: 46453933 | AC102: 46747747 | AD102: 47270312 | AE102: 47655143 | AF102: 48216273 | AG102: 48914583 | AH102: 49538974 | AI102: 49972381 | AJ102: 50814974 | AK102: 51280603 | AL102: 52128228 | AM102: 52928687 | AN102: 53546331 | AO102: 54511176 | AP102: 55263727
A103: =B103&"_"&D103 -> International passengers_South Africa | B103: International passengers | C103: AFR | D103: South Africa | E103: - | F103: ✓ | G103: - | H103: - | I103: - | J103: - | K103: - | L103: ✓ | M103: ✓ | N103: - | O103: - | P103: ✓ | Q103: - | R103: 12250809 | S103: 12979740 | T103: 13620644 | U103: 13993221 | V103: 14282385 | W103: 14461186 | X103: 14792926 | Y103: 15075167 | Z103: 15383786 | AA103: 15761978 | AB103: 16063361 | AC103: 16318750 | AD103: 16650226 | AE103: 16920287 | AF103: 17261457 | AG103: 17652009 | AH103: 18015550 | AI103: 18308351 | AJ103: 18760746 | AK103: 19063122 | AL103: 19517446 | AM103: 19954563 | AN103: 20322603 | AO103: 20833314 | AP103: 21253189
A104: =B104&"_"&D104 -> Domestic passengers_South Africa | B104: Domestic passengers | C104: AFR | D104: South Africa | E104: - | F104: ✓ | G104: - | H104: - | I104: - | J104: - | K104: - | L104: ✓ | M104: ✓ | N104: - | O104: - | P104: ✓ | Q104: - | R104: 27787636 | S104: 28398355 | T104: 29446390 | U104: 29833407 | V104: 29994922 | W104: 29856255 | X104: 29996367 | Y104: 30000898 | Z104: 30066402 | AA104: 30277679 | AB104: 30358326 | AC104: 30401019 | AD104: 30595997 | AE104: 30714267 | AF104: 30937341 | AG104: 31247840 | AH104: 31511077 | AI104: 31653743 | AJ104: 32045702 | AK104: 32210451 | AL104: 32605012 | AM104: 32969407 | AN104: 33219888 | AO104: 33674747 | AP104: 34008019
A105: =B105&"_"&D105 -> Total Cargo_South Africa | B105: Total Cargo | C105: AFR | D105: South Africa | E105: - | F105: ✓ | G105: - | H105: - | I105: - | J105: - | K105: - | L105: ✓ | M105: ✓ | N105: - | O105: - | P105: ✓ | Q105: - | R105: 336831 | S105: 405804 | T105: 415445 | U105: 425901 | V105: 435383 | W105: 445516 | X105: 457219 | Y105: 467148 | Z105: 475577 | AA105: 484219 | AB105: 495237 | AC105: 508025 | AD105: 521354 | AE105: 530780 | AF105: 549229 | AG105: 564190 | AH105: 581054 | AI105: 594378 | AJ105: 616976 | AK105: 633517 | AL105: 656298 | AM105: 680414 | AN105: 700572 | AO105: 731303 | AP105: 760553
A106: =B106&"_"&D106 -> Total aircraft movements_South Africa | B106: Total aircraft movements | C106: AFR | D106: South Africa | E106: - | F106: ✓ | G106: - | H106: - | I106: - | J106: - | K106: - | L106: ✓ | M106: ✓ | N106: - | O106: - | P106: ✓ | Q106: - | R106: 582696 | S106: 561466 | T106: 571445 | U106: 576977 | V106: 579797 | W106: 580509 | X106: 581584 | Y106: 583238 | Z106: 584861 | AA106: 586401 | AB106: 588899 | AC106: 590656 | AD106: 592703 | AE106: 593695 | AF106: 596423 | AG106: 598498 | AH106: 600713 | AI106: 602793 | AJ106: 605751 | AK106: 607941 | AL106: 610449 | AM106: 613684 | AN106: 615926 | AO106: 620038 | AP106: 623043
... A108: =B108&"_"&D108 -> International passengers_Singapore | B108: International passengers | C108: ASP | D108: Singapore | E108: ✓ | F108: - | G108: - | H108: - | I108: - | J108: - | K108: - | L108: - | M108: - | N108: - | O108: - | P108: - | Q108: ✓ | R108: 58158000 | S108: 61725359 | T108: 65358795 | U108: 68877075 | V108: 71972242 | W108: 74865269 | X108: 78155652 | Y108: 81056289 | Z108: 84250573 | AA108: 87436981 | AB108: 90365496 | AC108: 93425393 | AD108: 96996132 | AE108: 100201160 | AF108: 104096513 | AG108: 107567803 | AH108: 111513437 | AI108: 115379630 | AJ108: 119269961 | AK108: 122823121 | AL108: 127021548 | AM108: 131126465 | AN108: 134942150 | AO108: 139006175 | AP108: 143462012
A109: =B109&"_"&D109 -> Domestic passengers_Singapore | B109: Domestic passengers | C109: ASP | D109: Singapore | E109: ✓ | F109: - | G109: - | H109: - | I109: - | J109: - | K109: - | L109: - | M109: - | N109: - | O109: - | P109: - | Q109: ✓ | R109: - | S109: - | T109: - | U109: - | V109: - | W109: - | X109: - | Y109: - | Z109: - | AA109: - | AB109: - | AC109: - | AD109: - | AE109: - | AF109: - | AG109: - | AH109: - | AI109: - | AJ109: - | AK109: - | AL109: - | AM109: - | AN109: - | AO109: - | AP109: -
A110: =B110&"_"&D110 -> Total Cargo_Singapore | B110: Total Cargo | C110: ASP | D110: Singapore | E110: ✓ | F110: - | G110: - | H110: - | I110: - | J110: - | K110: - | L110: - | M110: - | N110: - | O110: - | P110: - | Q110: ✓ | R110: 2006300 | S110: 2134890 | T110: 2227007 | U110: 2279673 | V110: 2309641 | W110: 2312855 | X110: 2325135 | Y110: 2331440 | Z110: 2342268 | AA110: 2347531 | AB110: 2355768 | AC110: 2366119 | AD110: 2375544 | AE110: 2379263 | AF110: 2400431 | AG110: 2401603 | AH110: 2423277 | AI110: 2430888 | AJ110: 2448627 | AK110: 2449657 | AL110: 2470324 | AM110: 2491130 | AN110: 2492363 | AO110: 2510896 | AP110: 2531054
A111: =B111&"_"&D111 -> Total aircraft movements_Singapore | B111: Total aircraft movements | C111: ASP | D111: Singapore | E111: ✓ | F111: - | G111: - | H111: - | I111: - | J111: - | K111: - | L111: - | M111: - | N111: - | O111: - | P111: - | Q111: ✓ | R111: 365460 | S111: 375196 | T111: 377536 | U111: 380729 | V111: 384574 | W111: 387960 | X111: 392511 | Y111: 395771 | Z111: 399194 | AA111: 403181 | AB111: 406281 | AC111: 410414 | AD111: 414378 | AE111: 418702 | AF111: 422373 | AG111: 425366 | AH111: 428919 | AI111: 433329 | AJ111: 436160 | AK111: 438508 | AL111: 442691 | AM111: 445852 | AN111: 448501 | AO111: 451677 | AP111: 454238
A112: =B112&"_"&D112 -> Total passengers_Serbia | B112: Total passengers | C112: EUR | D112: Serbia | E112: - | F112: ✓ | G112: - | H112: - | I112: - | J112: - | K112: - | L112: - | M112: - | N112: - | O112: - | P112: - | Q112: - | R112: 5055692 | S112: 5489032 | T112: 5788441 | U112: 6081711 | V112: 6373104 | W112: 6675184 | X112: 7010729 | Y112: 7335625 | Z112: 7621330 | AA112: 7994861 | AB112: 8275310 | AC112: 8574324 | AD112: 8805697 | AE112: 9124152 | AF112: 9400792 | AG112: 9660766 | AH112: 9968693 | AI112: 10277274 | AJ112: 10630241 | AK112: 10896450 | AL112: 11193418 | AM112: 11480121 | AN112: 11679355 | AO112: 11968187 | AP112: 12190084
A113: =B113&"_"&D113 -> International passengers_Serbia | B113: International passengers | C113: EUR | D113: Serbia | E113: - | F113: ✓ | G113: - | H113: - | I113: - | J113: - | K113: - | L113: - | M113: - | N113: - | O113: - | P113: - | Q113: - | R113: 5049402 | S113: 5482731 | T113: 5782165 | U113: 6075491 | V113: 6366970 | W113: 6669160 | X113: 7004839 | Y113: 7329889 | Z113: 7615766 | AA113: 7989483 | AB113: 8270130 | AC113: 8569354 | AD113: 8800944 | AE113: 9119621 | AF113: 9396487 | AG113: 9656689 | AH113: 9964844 | AI113: 10273651 | AJ113: 10626841 | AK113: 10893269 | AL113: 11190452 | AM113: 11477363 | AN113: 11676799 | AO113: 11965826 | AP113: 12187910
A114: =B114&"_"&D114 -> Domestic passengers_Serbia | B114: Domestic passengers | C114: EUR | D114: Serbia | E114: - | F114: ✓ | G114: - | H114: - | I114: - | J114: - | K114: - | L114: - | M114: - | N114: - | O114: - | P114: - | Q114: - | R114: - | S114: - | T114: - | U114: - | V114: - | W114: - | X114: - | Y114: - | Z114: - | AA114: - | AB114: - | AC114: - | AD114: - | AE114: - | AF114: - | AG114: - | AH114: - | AI114: - | AJ114: - | AK114: - | AL114: - | AM114: - | AN114: - | AO114: - | AP114: -
A115: =B115&"_"&D115 -> Total Cargo_Serbia | B115: Total Cargo | C115: EUR | D115: Serbia | E115: - | F115: ✓ | G115: - | H115: - | I115: - | J115: - | K115: - | L115: - | M115: - | N115: - | O115: - | P115: - | Q115: - | R115: - | S115: - | T115: - | U115: - | V115: - | W115: - | X115: - | Y115: - | Z115: - | AA115: - | AB115: - | AC115: - | AD115: - | AE115: - | AF115: - | AG115: - | AH115: - | AI115: - | AJ115: - | AK115: - | AL115: - | AM115: - | AN115: - | AO115: - | AP115: -
A116: =B116&"_"&D116 -> Total aircraft movements_Serbia | B116: Total aircraft movements | C116: EUR | D116: Serbia | E116: - | F116: ✓ | G116: - | H116: - | I116: - | J116: - | K116: - | L116: - | M116: - | N116: - | O116: - | P116: - | Q116: - | R116: 65317 | S116: 66153 | T116: 69351 | U116: 71876 | V116: 74041 | W116: 75916 | X116: 77651 | Y116: 79394 | Z116: 81036 | AA116: 82746 | AB116: 84538 | AC116: 86138 | AD116: 87828 | AE116: 89484 | AF116: 91043 | AG116: 92738 | AH116: 94373 | AI116: 95940 | AJ116: 97589 | AK116: 99271 | AL116: 100838 | AM116: 102397 | AN116: 103985 | AO116: 105602 | AP116: 107113
A117: =B117&"_"&D117 -> Total passengers_Senegal | B117: Total passengers | C117: AFR | D117: Senegal | E117: - | F117: ✓ | G117: - | H117: - | I117: - | J117: - | K117: - | L117: ✓ | M117: - | N117: - | O117: - | P117: - | Q117: - | R117: 2077560 | S117: 2238373 | T117: 2395673 | U117: 2485778 | V117: 2544535 | W117: 2566716 | X117: 2610493 | Y117: 2638179 | Z117: 2668814 | AA117: 2709824 | AB117: 2738183 | AC117: 2765735 | AD117: 2807197 | AE117: 2843809 | AF117: 2886748 | AG117: 2938887 | AH117: 2988568 | AI117: 3028630 | AJ117: 3091817 | AK117: 3137786 | AL117: 3204442 | AM117: 3268769 | AN117: 3324116 | AO117: 3399999 | AP117: 3465806
A118: =B118&"_"&D118 -> International passengers_Senegal | B118: International passengers | C118: AFR | D118: Senegal | E118: - | F118: ✓ | G118: - | H118: - | I118: - | J118: - | K118: - | L118: ✓ | M118: - | N118: - | O118: - | P118: - | Q118: - | R118: 1940257 | S118: 2106205 | T118: 2269586 | U118: 2366584 | V118: 2432884 | W118: 2463085 | X118: 2515178 | Y118: 2551299 | Z118: 2590321 | AA118: 2639517 | AB118: 2675733 | AC118: 2710710 | AD118: 2759087 | AE118: 2802054 | AF118: 2850760 | AG118: 2908073 | AH118: 2962346 | AI118: 3006444 | AJ118: 3073146 | AK118: 3122152 | AL118: 3191409 | AM118: 3257952 | AN118: 3315172 | AO118: 3392631 | AP118: 3459756
A119: =B119&"_"&D119 -> Domestic passengers_Senegal | B119: Domestic passengers | C119: AFR | D119: Senegal | E119: - | F119: ✓ | G119: - | H119: - | I119: - | J119: - | K119: - | L119: ✓ | M119: - | N119: - | O119: - | P119: - | Q119: - | R119: - | S119: - | T119: - | U119: - | V119: - | W119: - | X119: - | Y119: - | Z119: - | AA119: - | AB119: - | AC119: - | AD119: - | AE119: - | AF119: - | AG119: - | AH119: - | AI119: - | AJ119: - | AK119: - | AL119: - | AM119: - | AN119: - | AO119: - | AP119: -
A120: =B120&"_"&D120 -> Total Cargo_Senegal | B120: Total Cargo | C120: AFR | D120: Senegal | E120: - | F120: ✓ | G120: - | H120: - | I120: - | J120: - | K120: - | L120: ✓ | M120: - | N120: - | O120: - | P120: - | Q120: - | R120: 37620 | S120: 35454 | T120: 34301 | U120: 34664 | V120: 35862 | W120: 37907 | X120: 40145 | Y120: 42298 | Z120: 44548 | AA120: 46885 | AB120: 49201 | AC120: 51724 | AD120: 54148 | AE120: 56447 | AF120: 59291 | AG120: 61993 | AH120: 65014 | AI120: 67688 | AJ120: 71045 | AK120: 74151 | AL120: 77645 | AM120: 81387 | AN120: 84682 | AO120: 88803 | AP120: 93200
A121: =B121&"_"&D121 -> Total aircraft movements_Senegal | B121: Total aircraft movements | C121: AFR | D121: Senegal | E121: - | F121: ✓ | G121: - | H121: - | I121: - | J121: - | K121: - | L121: ✓ | M121: - | N121: - | O121: - | P121: - | Q121: - | R121: 33070 | S121: 33698 | T121: 33650 | U121: 33887 | V121: 34247 | W121: 35186 | X121: 36194 | Y121: 37259 | Z121: 38386 | AA121: 39555 | AB121: 40804 | AC121: 42106 | AD121: 43480 | AE121: 44915 | AF121: 46457 | AG121: 48101 | AH121: 49885 | AI121: 51733 | AJ121: 53641 | AK121: 55663 | AL121: 57694 | AM121: 59930 | AN121: 62165 | AO121: 64588 | AP121: 67122
A122: =B122&"_"&D122 -> Total passengers_Saudi Arabia | B122: Total passengers | C122: MEA | D122: Saudi Arabia | E122: - | F122: ✓ | G122: - | H122: - | I122: - | J122: - | K122: - | L122: - | M122: - | N122: - | O122: - | P122: ✓ | Q122: - | R122: 83986831 | S122: 87613688 | T122: 91663156 | U122: 97730894 | V122: 104820459 | W122: 114876506 | X122: 124799475 | Y122: 136524308 | Z122: 147686893 | AA122: 160715712 | AB122: 173841179 | AC122: 185491587 | AD122: 200842032 | AE122: 214467519 | AF122: 230692789 | AG122: 247164446 | AH122: 265130896 | AI122: 280304801 | AJ122: 297944661 | AK122: 315912358 | AL122: 334905733 | AM122: 357104412 | AN122: 370614445 | AO122: 392761642 | AP122: 413752556
A123: =B123&"_"&D123 -> International passengers_Saudi Arabia | B123: International passengers | C123: MEA | D123: Saudi Arabia | E123: - | F123: ✓ | G123: - | H123: - | I123: - | J123: - | K123: - | L123: - | M123: - | N123: - | O123: - | P123: ✓ | Q123: - | R123: 43802991 | S123: 44483978 | T123: 46791899 | U123: 50592456 | V123: 55254567 | W123: 61985730 | X123: 68820458 | Y123: 77042360 | Z123: 85110341 | AA123: 94440730 | AB123: 104031672 | AC123: 112756026 | AD123: 124174731 | AE123: 134592386 | AF123: 146838296 | AG123: 160032043 | AH123: 173895684 | AI123: 186127146 | AJ123: 200187446 | AK123: 214669741 | AL123: 230032360 | AM123: 248115321 | AN123: 258554195 | AO123: 276997255 | AP123: 294863383
A124: =B124&"_"&D124 -> Domestic passengers_Saudi Arabia | B124: Domestic passengers | C124: MEA | D124: Saudi Arabia | E124: - | F124: ✓ | G124: - | H124: - | I124: - | J124: - | K124: - | L124: - | M124: - | N124: - | O124: - | P124: ✓ | Q124: - | R124: 39593963 | S124: 42510420 | T124: 44231162 | U124: 46484669 | V124: 48906121 | W124: 52232894 | X124: 55330811 | Y124: 58850792 | Z124: 61969129 | AA124: 65697068 | AB124: 69265812 | AC124: 72229642 | AD124: 76201542 | AE124: 79450778 | AF124: 83471733 | AG124: 86790502 | AH124: 90932654 | AI124: 93912303 | AJ124: 97526484 | AK124: 101043621 | AL124: 104703068 | AM124: 108844400 | AN124: 111938159 | AO124: 115662023 | AP124: 118803859
A125: =B125&"_"&D125 -> Total Cargo_Saudi Arabia | B125: Total Cargo | C125: MEA | D125: Saudi Arabia | E125: - | F125: ✓ | G125: - | H125: - | I125: - | J125: - | K125: - | L125: - | M125: - | N125: - | O125: - | P125: ✓ | Q125: - | R125: 928846 | S125: 1153808 | T125: 1143033 | U125: 1170324 | V125: 1216789 | W125: 1297500 | X125: 1373674 | Y125: 1459525 | Z125: 1541522 | AA125: 1630181 | AB125: 1727202 | AC125: 1815736 | AD125: 1914848 | AE125: 2002062 | AF125: 2116326 | AG125: 2209783 | AH125: 2331222 | AI125: 2425169 | AJ125: 2538193 | AK125: 2646012 | AL125: 2765611 | AM125: 2898525 | AN125: 3001301 | AO125: 3128077 | AP125: 3254267
A126: =B126&"_"&D126 -> Total aircraft movements_Saudi Arabia | B126: Total aircraft movements | C126: MEA | D126: Saudi Arabia | E126: - | F126: ✓ | G126: - | H126: - | I126: - | J126: - | K126: - | L126: - | M126: - | N126: - | O126: - | P126: ✓ | Q126: - | R126: 702974 | S126: 726376 | T126: 786389 | U126: 827116 | V126: 859227 | W126: 880692 | X126: 902417 | Y126: 928203 | Z126: 956759 | AA126: 979765 | AB126: 999615 | AC126: 1017046 | AD126: 1035168 | AE126: 1053336 | AF126: 1068789 | AG126: 1085316 | AH126: 1100321 | AI126: 1113808 | AJ126: 1128527 | AK126: 1142049 | AL126: 1156529 | AM126: 1167012 | AN126: 1175313 | AO126: 1184547 | AP126: 1193625
A127: =B127&"_"&D127 -> Total passengers_Russian Federation | B127: Total passengers | C127: EUR | D127: Russian Federation | E127: - | F127: ✓ | G127: - | H127: - | I127: - | J127: - | K127: - | L127: - | M127: ✓ | N127: - | O127: - | P127: ✓ | Q127: - | R127: 160095410 | S127: 184831923 | T127: 196415838 | U127: 207565012 | V127: 218313806 | W127: 228095661 | X127: 238780773 | Y127: 248911354 | Z127: 257604186 | AA127: 269071136 | AB127: 278463649 | AC127: 288681275 | AD127: 297558682 | AE127: 309351671 | AF127: 319740177 | AG127: 329529437 | AH127: 340933309 | AI127: 350605983 | AJ127: 363698805 | AK127: 373860276 | AL127: 385145530 | AM127: 396162044 | AN127: 405086816 | AO127: 417248967 | AP127: 427219690
...

Sheet watf_2018
B1: Metric | C1: Region | D1: Entity | E1: Advanced economies | F1: Emerging and developing economies | G1: G7 | H1: Euro area | I1: European union | J1: Emerging and developing Asia | K1: ASEAN-5 | L1: Sub-Saharan Africa | M1: BRICS | N1: NEXT 11 | O1: MINT | P1: Emerging aviation markets | Q1: Major exporters of manufactured goods | R1: 2017 | S1: 2018 | T1: 2019 | U1: 2020 | V1: 2021 | W1: 2022 | X1: 2023 | Y1: 2024 | Z1: 2025 | AA1: 2026 | AB1: 2027 | AC1: 2028 | AD1: 2029 | AE1: 2030 | AF1: 2031 | AG1: 2032 | AH1: 2033 | AI1: 2034 | AJ1: 2035 | AK1: 2036 | AL1: 2037 | AM1: 2038 | AN1: 2039 | AO1: 2040
A2: =B2&"_"&D2 -> Total passengers_United States | B2: Total passengers | C2: NAM | D2: United States | E2: ✓ | F2: - | G2: ✓ | H2: - | I2: - | J2: - | K2: - | L2: - | M2: - | N2: - | O2: - | P2: - | Q2: ✓ | R2: 1708538159 | S2: 1.7967635e+09 | T2: 1.8805222e+09 | U2: 1.9423873e+09 | V2: 1.9926801e+09 | W2: 2.0277259e+09 | X2: 2.0744887e+09 | Y2: 2.111097e+09 | Z2: 2.1595178e+09 | AA2: 2.2088361e+09 | AB2: 2.2591573e+09 | AC2: 2.310558e+09 | AD2: 2.3631349e+09 | AE2: 2.4169685e+09 | AF2: 2.4721504e+09 | AG2: 2.5396777e+09 | AH2: 2.5977883e+09 | AI2: 2.6684464e+09 | AJ2: 2.7298197e+09 | AK2: 2.8039318e+09 | AL2: 2.8799151e+09 | AM2: 2.9578464e+09 | AN2: 3.0267817e+09 | AO2: 3.1088827e+09
A3: =B3&"_"&D3 -> Total aircraft movements_United States | B3: Total aircraft movements | C3: NAM | D3: United States | E3: ✓ | F3: - | G3: ✓ | H3: - | I3: - | J3: - | K3: - | L3: - | M3: - | N3: - | O3: - | P3: - | Q3: ✓ | R3: 28708505 | S3: 29222963 | T3: 29520556 | U3: 29646947 | V3: 29740555 | W3: 29817126 | X3: 29893696 | Y3: 29970266 | Z3: 30046836 | AA3: 30123406 | AB3: 30199977 | AC3: 30276547 | AD3: 30353117 | AE3: 30429687 | AF3: 30506258 | AG3: 30582828 | AH3: 30659398 | AI3: 30735968 | AJ3: 30812538 | AK3: 30889109 | AL3: 30965679 | AM3: 31042249 | AN3: 31118819 | AO3: 31195389
A4: =B4&"_"&D4 -> Total Cargo_United States | B4: Total Cargo | C4: NAM | D4: United States | E4: ✓ | F4: - | G4: ✓ | H4: - | I4: - | J4: - | K4: - | L4: - | M4: - | N4: - | O4: - | P4: - | Q4: ✓ | R4: 31740500 | S4: 33352146 | T4: 34937714 | U4: 36173193 | V4: 36928543 | W4: 37000490 | X4: 37188437 | Y4: 37255668 | Z4: 37437218 | AA4: 37615265 | AB4: 37791095 | AC4: 37965287 | AD4: 38138802 | AE4: 38312161 | AF4: 38486059 | AG4: 38771862 | AH4: 38947160 | AI4: 39235164 | AJ4: 39413074 | AK4: 39703984 | AL4: 39996837 | AM4: 40291421 | AN4: 40475513 | AO4: 40773480
A5: =B5&"_"&D5 -> International passengers_United States | B5: International passengers | C5: NAM | D5: United States | E5: ✓ | F5: - | G5: ✓ | H5: - | I5: - | J5: - | K5: - | L5: - | M5: - | N5: - | O5: - | P5: - | Q5: ✓ | R5: 224572484 | S5: 235615627 | T5: 246658770 | U5: 2.5848527e+08 | V5: 2.7153441e+08 | W5: 2.8627831e+08 | X5: 3.0182275e+08 | Y5: 3.1821122e+08 | Z5: 3.3548954e+08 | AA5: 3.5370602e+08 | AB5: 3.729116e+08 | AC5: 3.9315998e+08 | AD5: 4.145078e+08 | AE5: 4.3701473e+08 | AF5: 4.6074372e+08 | AG5: 4.8576112e+08 | AH5: 5.1213688e+08 | AI5: 5.3994476e+08 | AJ5: 5.6926251e+08 | AK5: 6.0017212e+08 | AL5: 6.3276001e+08 | AM5: 6.6711731e+08 | AN5: 7.0334008e+08 | AO5: 7.4152962e+08
A6: =B6&"_"&D6 -> Domestic passengers_United States | B6: Domestic passengers | C6: NAM | D6: United States | E6: ✓ | F6: - | G6: ✓ | H6: - | I6: - | J6: - | K6: - | L6: - | M6: - | N6: - | O6: - | P6: - | Q6: ✓ | R6: 1480458680 | S6: 1.5569801e+09 | T6: 1.6293283e+09 | U6: 1.6793187e+09 | V6: 1.7165214e+09 | W6: 1.7367669e+09 | X6: 1.7679275e+09 | Y6: 1.7880883e+09 | Z6: 1.8191703e+09 | AA6: 1.8502104e+09 | AB6: 1.8812629e+09 | AC6: 1.9123505e+09 | AD6: 1.9435135e+09 | AE6: 1.9747725e+09 | AF6: 2.0061562e+09 | AG6: 2.0485954e+09 | AH6: 2.0802577e+09 | AI6: 2.1230339e+09 | AJ6: 2.1550137e+09 | AK6: 2.1981387e+09 | AL6: 2.2414548e+09 | AM6: 2.2849478e+09 | AN6: 2.3175774e+09 | AO6: 2.361404e+09
A7: =B7&"_"&D7 -> Total passengers_Canada | B7: Total passengers | C7: NAM | D7: Canada | E7: ✓ | F7: - | G7: ✓ | H7: - | I7: - | J7: - | K7: - | L7: - | M7: - | N7: - | O7: - | P7: - | Q7: ✓ | R7: 147324413 | S7: 1.5505551e+08 | T7: 1.6354876e+08 | U7: 1.699948e+08 | V7: 1.7624604e+08 | W7: 1.8234338e+08 | X7: 1.8842558e+08 | Y7: 1.9448874e+08 | Z7: 2.0054088e+08 | AA7: 2.0660832e+08 | AB7: 2.1269437e+08 | AC7: 2.1879011e+08 | AD7: 2.2489511e+08 | AE7: 2.309687e+08 | AF7: 2.3694636e+08 | AG7: 2.4292029e+08 | AH7: 2.4890653e+08 | AI7: 2.5490818e+08 | AJ7: 2.6090107e+08 | AK7: 2.6683949e+08 | AL7: 2.7277022e+08 | AM7: 2.7869464e+08 | AN7: 2.8462853e+08 | AO7: 2.9057327e+08
A8: =B8&"_"&D8 -> Total aircraft movements_Canada | B8: Total aircraft movements | C8: NAM | D8: Canada | E8: ✓ | F8: - | G8: ✓ | H8: - | I8: - | J8: - | K8: - | L8: - | M8: - | N8: - | O8: - | P8: - | Q8: ✓ | R8: 3096427 | S8: 3206319.5 | T8: 3279307.4 | U8: 3330942.8 | V8: 3363482.1 | W8: 3378622.2 | X8: 3394920.1 | Y8: 3412191.1 | Z8: 3430063 | AA8: 3448009.4 | AB8: 3465800.5 | AC8: 3483372.7 | AD8: 3500583.7 | AE8: 3517815 | AF8: 3535754.8 | AG8: 3553242.4 | AH8: 3570066.6 | AI8: 3586186.3 | AJ8: 3601921.7 | AK8: 3617847.1 | AL8: 3633435 | AM8: 3648739.6 | AN8: 3663600.2 | AO8: 3678048.8
A9: =B9&"_"&D9 -> Total Cargo_Canada | B9: Total Cargo | C9: NAM | D9: Canada | E9: ✓ | F9: - | G9: ✓ | H9: - | I9: - | J9: - | K9: - | L9: - | M9: - | N9: - | O9: - | P9: - | Q9: ✓ | R9: 1317644 | S9: 1373475 | T9: 1400441 | U9: 1416526 | V9: 1438046 | W9: 1439593 | X9: 1445172 | Y9: 1467427 | Z9: 1472089 | AA9: 1475738 | AB9: 1496328 | AC9: 1498356 | AD9: 1498214 | AE9: 1510043 | AF9: 1515722 | AG9: 1546631 | AH9: 1551079 | AI9: 1567126 | AJ9: 1582537 | AK9: 1600106 | AL9: 1613841 | AM9: 1619724 | AN9: 1651411 | AO9: 1664686
A10: =B10&"_"&D10 -> International passengers_Canada | B10: International passengers | C10: NAM | D10: Canada | E10: ✓ | F10: - | G10: ✓ | H10: - | I10: - | J10: - | K10: - | L10: - | M10: - | N10: - | O10: - | P10: - | Q10: ✓ | R10: 63797532 | S10: 68759178 | T10: 73258857 | U10: 76116307 | V10: 79277819 | W10: 83032273 | X10: 86786727 | Y10: 90541182 | Z10: 94295636 | AA10: 98050090 | AB10: 1.0180454e+08 | AC10: 1.05559e+08 | AD10: 1.0931345e+08 | AE10: 1.1306791e+08 | AF10: 1.1682236e+08 | AG10: 1.2057682e+08 | AH10: 1.2433127e+08 | AI10: 1.2808572e+08 | AJ10: 1.3184018e+08 | AK10: 1.3559463e+08 | AL10: 1.3934909e+08 | AM10: 1.4310354e+08 | AN10: 1.4685799e+08 | AO10: 1.5061245e+08
A11: =B11&"_"&D11 -> Domestic passengers_Canada | B11: Domestic passengers | C11: NAM | D11: Canada | E11: ✓ | F11: - | G11: ✓ | H11: - | I11: - | J11: - | K11: - | L11: - | M11: - | N11: - | O11: - | P11: - | Q11: ✓ | R11: 81114831 | S11: 84197715 | T11: 88321821 | U11: 91983765 | V11: 95110899 | W11: 97453783 | X11: 99781536 | Y11: 1.0209024e+08 | Z11: 1.0438793e+08 | AA11: 1.0670091e+08 | AB11: 1.0903251e+08 | AC11: 1.113738e+08 | AD11: 1.1372433e+08 | AE11: 1.1604347e+08 | AF11: 1.1826668e+08 | AG11: 1.2048616e+08 | AH11: 1.2271794e+08 | AI11: 1.2496513e+08 | AJ11: 1.2720357e+08 | AK11: 1.2938754e+08 | AL11: 1.3156381e+08 | AM11: 1.3373378e+08 | AN11: 1.3591321e+08 | AO11: 1.381035e+08
A12: =B12&"_"&D12 -> Total passengers_United Arab Emirates | B12: Total passengers | C12: MEA | D12: United Arab Emirates | E12: - | F12: ✓ | G12: - | H12: - | I12: - | J12: - | K12: - | L12: - | M12: - | N12: - | O12: - | P12: ✓ | Q12: - | R12: 124438787 | S12: 1.2110729e+08 | T12: 1.2856592e+08 | U12: 1.3735089e+08 | V12: 1.4755758e+08 | W12: 1.5909846e+08 | X12: 1.7112672e+08 | Y12: 1.8363815e+08 | Z12: 1.9662871e+08 | AA12: 2.1009158e+08 | AB12: 2.2402075e+08 | AC12: 2.3840902e+08 | AD12: 2.5324791e+08 | AE12: 2.6852809e+08 | AF12: 2.8423998e+08 | AG12: 3.0037396e+08 | AH12: 3.1691902e+08 | AI12: 3.3386366e+08 | AJ12: 3.5119575e+08 | AK12: 3.689032e+08 | AL12: 3.8697436e+08 | AM12: 4.0539531e+08 | AN12: 4.2415295e+08 | AO12: 4.4323388e+08
A13: =B13&"_"&D13 -> Total aircraft movements_United Arab Emirates | B13: Total aircraft movements | C13: MEA | D13: United Arab Emirates | E13: - | F13: ✓ | G13: - | H13: - | I13: - | J13: - | K13: - | L13: - | M13: - | N13: - | O13: - | P13: ✓ | Q13: - | R13: 779146 | S13: 751261.22 | T13: 752728.7 | U13: 764091.92 | V13: 784647.02 | W13: 814476.41 | X13: 844305.8 | Y13: 874135.19 | Z13: 903964.58 | AA13: 933793.96 | AB13: 963623.35 | AC13: 993452.74 | AD13: 1023282.1 | AE13: 1053111.5 | AF13: 1082940.9 | AG13: 1112770.3 | AH13: 1142599.7 | AI13: 1172429.1 | AJ13: 1202258.5 | AK13: 1232087.8 | AL13: 1261917.2 | AM13: 1291746.6 | AN13: 1321576 | AO13: 1351405.4
... A15: =B15&"_"&D15 -> International passengers_United Arab Emirates | B15: International passengers | C15: MEA | D15: United Arab Emirates | E15: - | F15: ✓ | G15: - | H15: - | I15: - | J15: - | K15: - | L15: - | M15: - | N15: - | O15: - | P15: ✓ | Q15: - | R15: 123705816 | S15: 1.2064332e+08 | T15: 1.2811659e+08 | U15: 1.3695885e+08 | V15: 1.471946e+08 | W15: 1.5875891e+08 | X15: 1.7081034e+08 | Y15: 1.8334483e+08 | Z15: 1.9635737e+08 | AA15: 2.0984207e+08 | AB15: 2.2379216e+08 | AC15: 2.3820009e+08 | AD15: 2.5305755e+08 | AE15: 2.6835555e+08 | AF15: 2.8408442e+08 | AG15: 3.0023391e+08 | AH15: 3.1679322e+08 | AI15: 3.3375103e+08 | AJ15: 3.5109558e+08 | AK15: 3.6881469e+08 | AL15: 3.8689582e+08 | AM15: 4.0532612e+08 | AN15: 4.2409245e+08 | AO15: 4.4318145e+08
A16: =B16&"_"&D16 -> Domestic passengers_United Arab Emirates | B16: Domestic passengers | C16: MEA | D16: United Arab Emirates | E16: - | F16: ✓ | G16: - | H16: - | I16: - | J16: - | K16: - | L16: - | M16: - | N16: - | O16: - | P16: ✓ | Q16: -
A17: =B17&"_"&D17 -> Total passengers_Saudi Arabia | B17: Total passengers | C17: MEA | D17: Saudi Arabia | E17: - | F17: ✓ | G17: - | H17: - | I17: - | J17: - | K17: - | L17: - | M17: - | N17: - | O17: - | P17: ✓ | Q17: - | R17: 91724973 | S17: 99807157 | T17: 1.0748841e+08 | U17: 1.1579002e+08 | V17: 1.23557e+08 | W17: 1.3130637e+08 | X17: 1.3915883e+08 | Y17: 1.4750942e+08 | Z17: 1.561275e+08 | AA17: 1.6524033e+08 | AB17: 1.7475375e+08 | AC17: 1.8480976e+08 | AD17: 1.953881e+08 | AE17: 2.0658875e+08 | AF17: 2.1844289e+08 | AG17: 2.3103385e+08 | AH17: 2.4441541e+08 | AI17: 2.5867843e+08 | AJ17: 2.7389786e+08 | AK17: 2.9017834e+08 | AL17: 3.0760717e+08 | AM17: 3.2630444e+08 | AN17: 3.4639062e+08 | AO17: 3.6800253e+08
A18: =B18&"_"&D18 -> Total aircraft movements_Saudi Arabia | B18: Total aircraft movements | C18: MEA | D18: Saudi Arabia | E18: - | F18: ✓ | G18: - | H18: - | I18: - | J18: - | K18: - | L18: - | M18: - | N18: - | O18: - | P18: ✓ | Q18: - | R18: 742725 | S18: 780316.51 | T18: 818866.47 | U18: 854088.66 | V18: 882017.97 | W18: 904916.93 | X18: 927691 | Y18: 950308.47 | Z18: 973266.75 | AA18: 992749.33 | AB18: 1012325.7 | AC18: 1031833.7 | AD18: 1051302.1 | AE18: 1071066 | AF18: 1087086.2 | AG18: 1103215.4 | AH18: 1119284.6 | AI18: 1135236.4 | AJ18: 1151127.9 | AK18: 1163068.8 | AL18: 1175514.9 | AM18: 1187929.6 | AN18: 1200292.4 | AO18: 1212545
A19: =B19&"_"&D19 -> Total Cargo_Saudi Arabia | B19: Total Cargo | C19: MEA | D19: Saudi Arabia | E19: - | F19: ✓ | G19: - | H19: - | I19: - | J19: - | K19: - | L19: - | M19: - | N19: - | O19: - | P19: ✓ | Q19: - | R19: 937518 | S19: 950467.17 | T19: 986086.96 | U19: 1029397.6 | V19: 1088597.6 | W19: 1152507.3 | X19: 1224536 | Y19: 1293331.2 | Z19: 1367715.8 | AA19: 1449116 | AB19: 1523395.7 | AC19: 1606550.3 | AD19: 1679722.5 | AE19: 1775589.6 | AF19: 1853999.7 | AG19: 1955886.5 | AH19: 2034707.7 | AI19: 2129534.4 | AJ19: 2219994.2 | AK19: 2320337.3 | AL19: 2431851.6 | AM19: 2518080.3 | AN19: 2624444.9 | AO19: 2730317.8
A20: =B20&"_"&D20 -> International passengers_Saudi Arabia | B20: International passengers | C20: MEA | D20: Saudi Arabia | E20: - | F20: ✓ | G20: - | H20: - | I20: - | J20: - | K20: - | L20: - | M20: - | N20: - | O20: - | P20: ✓ | Q20: - | R20: 46128894 | S20: 50420943 | T20: 53911296 | U20: 58215251 | V20: 62370727 | W20: 67109692 | X20: 71953528 | Y20: 77296110 | Z20: 82910629 | AA20: 89020708 | AB20: 95532910 | AC20: 1.0258762e+08 | AD20: 1.1016467e+08 | AE20: 1.1836683e+08 | AF20: 1.2721725e+08 | AG20: 1.3680558e+08 | AH20: 1.4718406e+08 | AI20: 1.5844305e+08 | AJ20: 1.7065797e+08 | AK20: 1.8392853e+08 | AL20: 1.9835192e+08 | AM20: 2.1404348e+08 | AN20: 2.3112347e+08 | AO20: 2.4972828e+08
A21: =B21&"_"&D21 -> Domestic passengers_Saudi Arabia | B21: Domestic passengers | C21: MEA | D21: Saudi Arabia | E21: - | F21: ✓ | G21: - | H21: - | I21: - | J21: - | K21: - | L21: - | M21: - | N21: - | O21: - | P21: ✓ | Q21: - | R21: 44993268 | S21: 48713073 | T21: 52854456 | U21: 56821969 | V21: 60412627 | W21: 63414037 | X21: 66415447 | Y21: 69416857 | Z21: 72418268 | AA21: 75419678 | AB21: 78421088 | AC21: 81422498 | AD21: 84423908 | AE21: 87425318 | AF21: 90426728 | AG21: 93428138 | AH21: 96429548 | AI21: 99430958 | AJ21: 1.0243237e+08 | AK21: 1.0543378e+08 | AL21: 1.0843519e+08 | AM21: 1.114366e+08 | AN21: 1.1443801e+08 | AO21: 1.1743942e+08
A22: =B22&"_"&D22 -> Total passengers_Qatar | B22: Total passengers | C22: MEA | D22: Qatar | E22: - | F22: ✓ | G22: - | H22: - | I22: - | J22: - | K22: - | L22: - | M22: - | N22: - | O22: - | P22: ✓ | Q22: - | R22: 35270410 | S22: 35829852 | T22: 37930738 | U22: 40474843 | V22: 43853233 | W22: 47791600 | X22: 52114716 | Y22: 56285563 | Z22: 61309774 | AA22: 66460865 | AB22: 71347290 | AC22: 77353962 | AD22: 82921289 | AE22: 89600024 | AF22: 95629868 | AG22: 1.0308207e+08 | AH22: 1.094965e+08 | AI22: 1.1691978e+08 | AJ22: 1.2452234e+08 | AK22: 1.3259935e+08 | AL22: 1.4172361e+08 | AM22: 1.4997472e+08 | AN22: 1.5922914e+08 | AO22: 1.6804506e+08
A23: =B23&"_"&D23 -> Total aircraft movements_Qatar | B23: Total aircraft movements | C23: MEA | D23: Qatar | E23: - | F23: ✓ | G23: - | H23: - | I23: - | J23: - | K23: - | L23: - | M23: - | N23: - | O23: - | P23: ✓ | Q23: - | R23: 249389 | S23: 241497.38 | T23: 249972.72 | U23: 260738.55 | V23: 272759.31 | W23: 285750.98 | X23: 298742.65 | Y23: 311734.32 | Z23: 324725.99 | AA23: 337717.66 | AB23: 350709.33 | AC23: 363700.99 | AD23: 376692.66 | AE23: 389684.33 | AF23: 402676 | AG23: 415667.67 | AH23: 428659.34 | AI23: 441651.01 | AJ23: 454642.68 | AK23: 467634.35 | AL23: 480626.02 | AM23: 493617.69 | AN23: 506609.36 | AO23: 519601.02
A24: =B24&"_"&D24 -> Total Cargo_Qatar | B24: Total Cargo | C24: MEA | D24: Qatar | E24: - | F24: ✓ | G24: - | H24: - | I24: - | J24: - | K24: - | L24: - | M24: - | N24: - | O24: - | P24: ✓ | Q24: - | R24: 2020942 | S24: 2183097.5 | T24: 2294524.1 | U24: 2402643.7 | V24: 2527639.3 | W24: 2689229.4 | X24: 2856314.9 | Y24: 3033770.1 | Z24: 3216800.7 | AA24: 3410895.5 | AB24: 3616681.8 | AC24: 3834869.4 | AD24: 4066258 | AE24: 4307934.3 | AF24: 4563939.6 | AG24: 4870784.1 | AH24: 5113819.1 | AI24: 5364197.3 | AJ24: 5622086.7 | AK24: 5887595.9 | AL24: 6141713.3 | AM24: 6401572.5 | AN24: 6667207.1 | AO24: 6938476.4
A25: =B25&"_"&D25 -> International passengers_Qatar | B25: International passengers | C25: MEA | D25: Qatar | E25: - | F25: ✓ | G25: - | H25: - | I25: - | J25: - | K25: - | L25: - | M25: - | N25: - | O25: - | P25: ✓ | Q25: - | R25: 35262164 | S25: 35821606 | T25: 37922492 | U25: 40465291 | V25: 43841297 | W25: 47776261 | X25: 52095941 | Y25: 56263199 | Z25: 61283795 | AA25: 66430974 | AB25: 71313327 | AC25: 77315760 | AD25: 82878674 | AE25: 89552897 | AF25: 95577915 | AG25: 1.0302437e+08 | AH25: 1.094345e+08 | AI25: 1.1685346e+08 | AJ25: 1.2445164e+08 | AK25: 1.3252407e+08 | AL25: 1.4164407e+08 | AM25: 1.4989089e+08 | AN25: 1.59141e+08 | AO25: 1.679526e+08
A26: =B26&"_"&D26 -> Domestic passengers_Qatar | B26: Domestic passengers | C26: MEA | D26: Qatar | E26: - | F26: ✓ | G26: - | H26: - | I26: - | J26: - | K26: - | L26: - | M26: - | N26: - | O26: - | P26: ✓ | Q26: -
A27: =B27&"_"&D27 -> Total passengers_Oman | B27: Total passengers | C27: MEA | D27: Oman | E27: - | F27: ✓ | G27: - | H27: - | I27: - | J27: - | K27: - | L27: - | M27: - | N27: - | O27: - | P27: - | Q27: - | R27: 15548950 | S27: 16655852 | T27: 17788663 | U27: 19175831 | V27: 20523357 | W27: 21780451 | X27: 23083312 | Y27: 24405150 | Z27: 25733978 | AA27: 27169251 | AB27: 28630171 | AC27: 30155926 | AD27: 31700039 | AE27: 33311025 | AF27: 35146344 | AG27: 36913330 | AH27: 38697682 | AI27: 40576872 | AJ27: 42506718 | AK27: 44526147 | AL27: 46397595 | AM27: 48274950 | AN27: 50246967 | AO27: 52261320
A28: =B28&"_"&D28 -> Total aircraft movements_Oman | B28: Total aircraft movements | C28: MEA | D28: Oman | E28: - | F28: ✓ | G28: - | H28: - | I28: - | J28: - | K28: - | L28: - | M28: - | N28: - | O28: - | P28: - | Q28: - | R28: 129067 | S28: 131854.95 | T28: 140518.73 | U28: 148546.68 | V28: 154300.74 | W28: 159241.97 | X28: 164359.54 | Y28: 169529.24 | Z28: 174399.47 | AA28: 179984.19 | AB28: 185548.22 | AC28: 191186.13 | AD28: 196871.47 | AE28: 202627.81 | AF28: 209872.37 | AG28: 216176.31 | AH28: 222624.35 | AI28: 229208.65 | AJ28: 235926.56 | AK28: 242770.24 | AL28: 248636.63 | AM28: 254615.68 | AN28: 260707.39 | AO28: 266909.15
A29: =B29&"_"&D29 -> Total Cargo_Oman | B29: Total Cargo | C29: MEA | D29: Oman | E29: - | F29: ✓ | G29: - | H29: - | I29: - | J29: - | K29: - | L29: - | M29: - | N29: - | O29: - | P29: - | Q29: - | R29: 201942 | S29: 211715.48 | T29: 222867.2 | U29: 235844.78 | V29: 249974.48 | W29: 264723.95 | X29: 279473.42 | Y29: 294222.89 | Z29: 308972.36 | AA29: 323721.83 | AB29: 338471.3 | AC29: 353220.77 | AD29: 367970.24 | AE29: 382719.71 | AF29: 397469.18 | AG29: 412218.65 | AH29: 426968.12 | AI29: 441717.59 | AJ29: 456467.06 | AK29: 471216.53 | AL29: 485966 | AM29: 500715.47 | AN29: 515464.95 | AO29: 530214.42
A30: =B30&"_"&D30 -> International passengers_Oman | B30: International passengers | C30: MEA | D30: Oman | E30: - | F30: ✓ | G30: - | H30: - | I30: - | J30: - | K30: - | L30: - | M30: - | N30: - | O30: - | P30: - | Q30: - | R30: 13569428 | S30: 14533032 | T30: 15547204 | U30: 16824468 | V30: 18090458 | W30: 19252905 | X30: 20453749 | Y30: 21681250 | Z30: 22894828 | AA30: 24215077 | AB30: 25558462 | AC30: 26937561 | AD30: 28350205 | AE30: 29800837 | AF30: 31500167 | AG30: 33101126 | AH30: 34761094 | AI30: 36481885 | AJ30: 38266147 | AK30: 40115647 | AL30: 41829475 | AM30: 43598258 | AN30: 45424420 | AO30: 47309938
A31: =B31&"_"&D31 -> Domestic passengers_Oman | B31: Domestic passengers | C31: MEA | D31: Oman | E31: - | F31: ✓ | G31: - | H31: - | I31: - | J31: - | K31: - | L31: - | M31: - | N31: - | O31: - | P31: - | Q31: - | R31: 1948349 | S31: 2091647 | T31: 2210285.8 | U31: 2319871.8 | V31: 2400773.9 | W31: 2494712.3 | X31: 2595996.1 | Y31: 2689591.7 | Z31: 2804144.2 | AA31: 2918371.1 | AB31: 3035111 | AC31: 3180962.6 | AD31: 3311620.8 | AE31: 3471153.4 | AF31: 3606112.9 | AG31: 3771244.7 | AH31: 3894711.6 | AI31: 4052175.3 | AJ31: 4196804.8 | AK31: 4365762.8 | AL31: 4522548.4 | AM31: 4630270.2 | AN31: 4775259.7 | AO31: 4903213.8
A32: =B32&"_"&D32 -> Total passengers_Lebanon | B32: Total passengers | C32: MEA | D32: Lebanon | E32: - | F32: ✓ | G32: - | H32: - | I32: - | J32: - | K32: - | L32: - | M32: - | N32: - | O32: - | P32: - | Q32: - | R32: 8235930 | S32: 8910184.1 | T32: 9593649.2 | U32: 10269247 | V32: 10988015 | W32: 11665088 | X32: 12342185 | Y32: 13019308 | Z32: 13696458 | AA32: 14373460 | AB32: 15050474 | AC32: 15727499 | AD32: 16404536 | AE32: 17081586 | AF32: 17758400 | AG32: 18435216 | AH32: 19112033 | AI32: 19788851 | AJ32: 20465670 | AK32: 21142380 | AL32: 21819092 | AM32: 22495805 | AN32: 23172520 | AO32: 23849237
A33: =B33&"_"&D33 -> Total aircraft movements_Lebanon | B33: Total aircraft movements | C33: MEA | D33: Lebanon | E33: - | F33: ✓ | G33: - | H33: - | I33: - | J33: - | K33: - | L33: - | M33: - | N33: - | O33: - | P33: - | Q33: - | R33: 71169 | S33: 73465.83 | T33: 75298.054 | U33: 77060.362 | V33: 79206.921 | W33: 81682.811 | X33: 84179.569 | Y33: 86509.13 | Z33: 88469.783 | AA33: 90289.694 | AB33: 91781.643 | AC33: 93282.779 | AD33: 94750.69 | AE33: 96175.577 | AF33: 97662.999 | AG33: 100499.12 | AH33: 102674.75 | AI33: 104889.08 | AJ33: 107150.27 | AK33: 109432.13 | AL33: 112451.68 | AM33: 115557.84 | AN33: 118753.25 | AO33: 122040.78
A34: =B34&"_"&D34 -> Total Cargo_Lebanon | B34: Total Cargo | C34: MEA | D34: Lebanon | E34: - | F34: ✓ | G34: - | H34: - | I34: - | J34: - | K34: - | L34: - | M34: - | N34: - | O34: - | P34: - | Q34: - | R34: 97507 | S34: 104963.84 | T34: 110755.47 | U34: 115538.02 | V34: 120351.31 | W34: 124513.78 | X34: 129323.89 | Y34: 133565.86 | Z34: 138162.92 | AA34: 143231.66 | AB34: 147371.87 | AC34: 152153.36 | AD34: 155785.85 | AE34: 161304.02 | AF34: 165020.24 | AG34: 170607.31 | AH34: 173973.75 | AI34: 178522.05 | AJ34: 182506.44 | AK34: 187106.68 | AL34: 192385.29 | AM34: 195474.02 | AN34: 199950.24 | AO34: 204194.33
A35: =B35&"_"&D35 -> International passengers_Lebanon | B35: International passengers | C35: MEA | D35: Lebanon | E35: - | F35: ✓ | G35: - | H35: - | I35: - | J35: - | K35: - | L35: - | M35: - | N35: - | O35: - | P35: - | Q35: - | R35: 8230990 | S35: 8905244.1 | T35: 9588709.2 | U35: 10264344 | V35: 10982920 | W35: 11659690 | X35: 12336461 | Y35: 13013232 | Z35: 13690003 | AA35: 14366776 | AB35: 15043548 | AC35: 15720322 | AD35: 16397096 | AE35: 17073870 | AF35: 17750646 | AG35: 18427422 | AH35: 19104199 | AI35: 19780977 | AJ35: 20457755 | AK35: 21134535 | AL35: 21811315 | AM35: 22488096 | AN35: 23164878 | AO35: 23841661
A36: =B36&"_"&D36 -> Domestic passengers_Lebanon | B36: Domestic passengers | C36: MEA | D36: Lebanon | E36: - | F36: ✓ | G36: - | H36: - | I36: - | J36: - | K36: - | L36: - | M36: - | N36: - | O36: - | P36: - | Q36: -
A37: =B37&"_"&D37 -> Total passengers_Kuwait | B37: Total passengers | C37: MEA | D37: Kuwait | E37: - | F37: ✓ | G37: - | H37: - | I37: - | J37: - | K37: - | L37: - | M37: - | N37: - | O37: - | P37: - | Q37: - | R37: 13810720 | S37: 15806415 | T37: 17785541 | U37: 19639674 | V37: 21155145 | W37: 22182234 | X37: 23209145 | Y37: 24236013 | Z37: 25263039 | AA37: 26290131 | AB37: 27317522 | AC37: 28344828 | AD37: 29372074 | AE37: 30399317 | AF37: 31426254 | AG37: 32453870 | AH37: 33481451 | AI37: 34509013 | AJ37: 35536559 | AK37: 36564011 | AL37: 37592166 | AM37: 38620341 | AN37: 39648589 | AO37: 40676847
A38: =B38&"_"&D38 -> Total aircraft movements_Kuwait | B38: Total aircraft movements | C38: MEA | D38: Kuwait | E38: - | F38: ✓ | G38: - | H38: - | I38: - | J38: - | K38: - | L38: - | M38: - | N38: - | O38: - | P38: - | Q38: - | R38: 111641 | S38: 114524.11 | T38: 117336.41 | U38: 120570.68 | V38: 124277.86 | W38: 128019.78 | X38: 131894.88 | Y38: 135801.24 | Z38: 139589.97 | AA38: 143152.85 | AB38: 146492.45 | AC38: 149895.29 | AD38: 153342.78 | AE38: 156793.25 | AF38: 160271.12 | AG38: 163242.29 | AH38: 166240.25 | AI38: 169252.35 | AJ38: 172276.35 | AK38: 175218 | AL38: 177635.84 | AM38: 180038.81 | AN38: 182387.45 | AO38: 184728.66
A39: =B39&"_"&D39 -> Total Cargo_Kuwait | B39: Total Cargo | C39: MEA | D39: Kuwait | E39: - | F39: ✓ | G39: - | H39: - | I39: - | J39: - | K39: - | L39: - | M39: - | N39: - | O39: - | P39: - | Q39: - | R39: 241663 | S39: 275586.92 | T39: 298413.45 | U39: 310866.78 | V39: 320140.01 | W39: 329844.46 | X39: 339548.91 | Y39: 349253.36 | Z39: 358957.81 | AA39: 368662.26 | AB39: 378366.71 | AC39: 388071.16 | AD39: 397775.61 | AE39: 407480.06 | AF39: 417184.51 | AG39: 426888.96 | AH39: 436593.41 | AI39: 446297.86 | AJ39: 456002.31 | AK39: 465706.76 | AL39: 475411.21 | AM39: 485115.66 | AN39: 494820.1 | AO39: 504524.55
A40: =B40&"_"&D40 -> International passengers_Kuwait | B40: International passengers | C40: MEA | D40: Kuwait | E40: - | F40: ✓ | G40: - | H40: - | I40: - | J40: - | K40: - | L40: - | M40: - | N40: - | O40: - | P40: - | Q40: - | R40: 13735580 | S40: 15728838 | T40: 17706605 | U40: 19561064 | V40: 21078494 | W40: 22108169 | X40: 23137843 | Y40: 24167518 | Z40: 25197192 | AA40: 26226867 | AB40: 27256541 | AC40: 28286216 | AD40: 29315890 | AE40: 30345565 | AF40: 31375240 | AG40: 32404914 | AH40: 33434589 | AI40: 34464263 | AJ40: 35493938 | AK40: 36523612 | AL40: 37553287 | AM40: 38582961 | AN40: 39612636 | AO40: 40642310
A41: =B41&"_"&D41 -> Domestic passengers_Kuwait | B41: Domestic passengers | C41: MEA | D41: Kuwait | E41: - | F41: ✓ | G41: - | H41: - | I41: - | J41: - | K41: - | L41: - | M41: - | N41: - | O41: - | P41: - | Q41: -
A42: =B42&"_"&D42 -> Total passengers_Jordan | B42: Total passengers | C42: MEA | D42: Jordan | E42: - | F42: ✓ | G42: - | H42: - | I42: - | J42: - | K42: - | L42: - | M42: - | N42: - | O42: - | P42: - | Q42: - | R42: 8005366 | S42: 8596181.2 | T42: 9060004.5 | U42: 9511271 | V42: 9961934.1 | W42: 10474604 | X42: 11013602 | Y42: 11580317 | Z42: 12176192 | AA42: 12928655 | AB42: 13718306 | AC42: 14547957 | AD42: 15421205 | AE42: 16337407 | AF42: 16997980 | AG42: 17683800 | AH42: 18394150 | AI42: 19130552 | AJ42: 19894716 | AK42: 20701019 | AL42: 21538290 | AM42: 22407532 | AN42: 23310427 | AO42: 24248524
A43: =B43&"_"&D43 -> Total aircraft movements_Jordan | B43: Total aircraft movements | C43: MEA | D43: Jordan | E43: - | F43: ✓ | G43: - | H43: - | I43: - | J43: - | K43: - | L43: - | M43: - | N43: - | O43: - | P43: - | Q43: - | R43: 111970 | S43: 117050.12 | T43: 122130.24 | U43: 127715.98 | V43: 131474.82 | W43: 134127.09 | X43: 136484.94 | Y43: 138655.86 | Z43: 140708.69 | AA43: 143183.79 | AB43: 145612.99 | AC43: 148012.48 | AD43: 150398.48 | AE43: 152775.84 | AF43: 155971.45 | AG43: 159164.5 | AH43: 162358.79 | AI43: 165551.49 | AJ43: 168747.83 | AK43: 172458.94 | AL43: 176172.65 | AM43: 179889.19 | AN43: 183608.87 | AO43: 187331.87
A44: =B44&"_"&D44 -> Total Cargo_Jordan | B44: Total Cargo | C44: MEA | D44: Jordan | E44: - | F44: ✓ | G44: - | H44: - | I44: - | J44: - | K44: - | L44: - | M44: - | N44: - | O44: - | P44: - | Q44: - | R44: 116370 | S44: 105025.57 | T44: 105956.02 | U44: 107638.14 | V44: 109958.37 | W44: 113400.27 | X44: 117024.77 | Y44: 120845.73 | Z44: 124878.37 | AA44: 129139.48 | AB44: 133647.6 | AC44: 138423.25 | AD44: 143489.21 | AE44: 148870.8 | AF44: 154596.27 | AG44: 160697.19 | AH44: 167209 | AI44: 174171.54 | AJ44: 181629.78 | AK44: 189634.63 | AL44: 198243.97 | AM44: 207523.79 | AN44: 217549.69 | AO44: 228408.64
A45: =B45&"_"&D45 -> International passengers_Jordan | B45: International passengers | C45: MEA | D45: Jordan | E45: - | F45: ✓ | G45: - | H45: - | I45: - | J45: - | K45: - | L45: - | M45: - | N45: - | O45: - | P45: - | Q45: - | R45: 7932497 | S45: 8534674.2 | T45: 8999352.1 | U45: 9450438.9 | V45: 9899773.3 | W45: 10409686 | X45: 10945845 | Y45: 11509635 | Z45: 12102498 | AA45: 12851235 | AB45: 13637068 | AC45: 14462804 | AD45: 15332027 | AE45: 16244105 | AF45: 16901669 | AG45: 17584416 | AH45: 18291637 | AI45: 19024848 | AJ45: 19785755 | AK45: 20588651 | AL45: 21422443 | AM45: 22288133 | AN45: 23187400 | AO45: 24121791
A46: =B46&"_"&D46 -> Domestic passengers_Jordan | B46: Domestic passengers | C46: MEA | D46: Jordan | E46: - | F46: ✓ | G46: - | H46: - | I46: - | J46: - | K46: - | L46: - | M46: - | N46: - | O46: - | P46: - | Q46: - | R46: 72521 | S46: 61281.294 | T46: 60505.971 | U46: 60716.933 | V46: 62045.973 | W46: 64783.461 | X46: 67602.351 | Y46: 70505.333 | Z46: 73495.095 | AA46: 77194.336 | AB46: 80983.535 | AC46: 84870.135 | AD46: 88864.674 | AE46: 92958.216 | AF46: 95950.162 | AG46: 99004.443 | AH46: 102115.82 | AI46: 105287.92 | AJ46: 108525.43 | AK46: 111913.98 | AL46: 115373.41 | AM46: 118904.72 | AN46: 122511.31 | AO46: 126195.89
A47: =B47&"_"&D47 -> Total passengers_Israel | B47: Total passengers | C47: MEA | D47: Israel | E47: ✓ | F47: - | G47: - | H47: - | I47: - | J47: - | K47: - | L47: - | M47: - | N47: - | O47: - | P47: - | Q47: - | R47: 23354812 | S47: 25834935 | T47: 28485507 | U47: 31265943 | V47: 33359368 | W47: 34969438 | X47: 36674877 | Y47: 38449495 | Z47: 40310282 | AA47: 42298067 | AB47: 44365029 | AC47: 46525409 | AD47: 48777202 | AE47: 51114579 | AF47: 53488691 | AG47: 55954744 | AH47: 58514349 | AI47: 61168625 | AJ47: 63922112 | AK47: 66626570 | AL47: 69425042 | AM47: 72319948 | AN47: 75313751 | AO47: 78409207
A48: =B48&"_"&D48 -> Total aircraft movements_Israel | B48: Total aircraft movements | C48: MEA | D48: Israel | E48: ✓ | F48: - | G48: - | H48: - | I48: - | J48: - | K48: - | L48: - | M48: - | N48: - | O48: - | P48: - | Q48: - | R48: 258000 | S48: 286508.92 | T48: 322100.64 | U48: 356905.66 | V48: 385826.58 | W48: 400274.8 | X48: 414723.03 | Y48: 429171.26 | Z48: 443619.49 | AA48: 458067.72 | AB48: 472515.95 | AC48: 486964.17 | AD48: 501412.4 | AE48: 515860.63 | AF48: 530308.86 | AG48: 544757.09 | AH48: 559205.31 | AI48: 573653.54 | AJ48: 588101.77 | AK48: 602550 | AL48: 616998.23 | AM48: 631446.45 | AN48: 645894.68 | AO48: 660342.91
A49: =B49&"_"&D49 -> Total Cargo_Israel | B49: Total Cargo | C49: MEA | D49: Israel | E49: ✓ | F49: - | G49: - | H49: - | I49: - | J49: - | K49: - | L49: - | M49: - | N49: - | O49: - | P49: - | Q49: - | R49: 341193 | S49: 355217.68 | T49: 373131.87 | U49: 386842.45 | V49: 397428.34 | W49: 405434.95 | X49: 414500.02 | Y49: 424050.66 | Z49: 434314.47 | AA49: 445878.47 | AB49: 457825.7 | AC49: 470309.88 | AD49: 483227.57 | AE49: 496438.71 | AF49: 508991.99 | AG49: 521889.3 | AH49: 535106.65 | AI49: 548624.36 | AJ49: 562423.11 | AK49: 574681.61 | AL49: 587225.56 | AM49: 600043.15 | AN49: 613123.17 | AO49: 626457.31
A50: =B50&"_"&D50 -> International passengers_Israel | B50: International passengers | C50: MEA | D50: Israel | E50: ✓ | F50: - | G50: - | H50: - | I50: - | J50: - | K50: - | L50: - | M50: - | N50: - | O50: - | P50: - | Q50: - | R50: 20439447 | S50: 22917201 | T50: 25545277 | U50: 28287474 | V50: 30302842 | W50: 31794436 | X50: 33368984 | Y50: 35007234 | Z50: 36722475 | AA50: 38546122 | AB50: 40442563 | AC50: 42423136 | AD50: 44486760 | AE50: 46629343 | AF50: 48818739 | AG50: 51092978 | AH50: 53453629 | AI50: 55901688 | AJ50: 58441708 | AK50: 60962727 | AL50: 63571705 | AM50: 66270951 | AN50: 69062815 | AO50: 71949887
A51: =B51&"_"&D51 -> Domestic passengers_Israel | B51: Domestic passengers | C51: MEA | D51: Israel | E51: ✓ | F51: - | G51: - | H51: - | I51: - | J51: - | K51: - | L51: - | M51: - | N51: - | O51: - | P51: - | Q51: - | R51: 2915365 | S51: 2917733.9 | T51: 2940229.7 | U51: 2978468.5 | V51: 3056526.2 | W51: 3175002.6 | X51: 3305892.6 | Y51: 3442261.9 | Z51: 3587806.7 | AA51: 3751944.5 | AB51: 3922466.1 | AC51: 4102273.8 | AD51: 4290441.5 | AE51: 4485235.8 | AF51: 4669951.4 | AG51: 4861765.6 | AH51: 5060720.2 | AI51: 5266936.8 | AJ51: 5480403.8 | AK51: 5663843.7 | AL51: 5853337.7 | AM51: 6048997.3 | AN51: 6250935.7 | AO51: 6459319.5
A52: =B52&"_"&D52 -> Total passengers_Iran | B52: Total passengers | C52: MEA | D52: Iran | E52: - | F52: ✓ | G52: - | H52: - | I52: - | J52: - | K52: - | L52: - | M52: - | N52: ✓ | O52: - | P52: ✓ | Q52: - | R52: 61288934 | S52: 65213853 | T52: 67997493 | U52: 71629667 | V52: 76257436 | W52: 82126408 | X52: 88157854 | Y52: 94552199 | Z52: 1.010049e+08 | AA52: 1.0729267e+08 | AB52: 1.1541268e+08 | AC52: 1.2031026e+08 | AD52: 1.2529061e+08 | AE52: 1.3033618e+08 | AF52: 1.3547685e+08 | AG52: 1.4070677e+08 | AH52: 1.4538024e+08 | AI52: 1.5012483e+08 | AJ52: 1.5494113e+08 | AK52: 1.5983507e+08 | AL52: 1.6480529e+08 | AM52: 1.689637e+08 | AN52: 1.7317552e+08 | AO52: 1.7744168e+08
A53: =B53&"_"&D53 -> Total aircraft movements_Iran | B53: Total aircraft movements | C53: MEA | D53: Iran | E53: - | F53: ✓ | G53: - | H53: - | I53: - | J53: - | K53: - | L53: - | M53: - | N53: ✓ | O53: - | P53: ✓ | Q53: - | R53: 538673 | S53: 577149.64 | T53: 615626.29 | U53: 652882.9 | V53: 683009.97 | W53: 709152.42 | X53: 735294.86 | Y53: 761437.31 | Z53: 787583.92 | AA53: 805332.49 | AB53: 823081.07 | AC53: 840829.65 | AD53: 858578.23 | AE53: 876326.81 | AF53: 889766.15 | AG53: 903205.49 | AH53: 916644.83 | AI53: 930084.17 | AJ53: 943523.51 | AK53: 955340.64 | AL53: 967157.77 | AM53: 978979.07 | AN53: 990796.2 | AO53: 1002617.5
... A60: =B60&"_"&D60 -> International passengers_Bahrain | B60: International passengers | C60: MEA | D60: Bahrain | E60: - | F60: ✓ | G60: - | H60: - | I60: - | J60: - | K60: - | L60: - | M60: - | N60: - | O60: - | P60: - | Q60: - | R60: 8477331 | S60: 8909950.4 | T60: 9387109.3 | U60: 9907126 | V60: 10601503 | W60: 11324157 | X60: 12131818 | Y60: 12906564 | Z60: 13748466 | AA60: 14633871 | AB60: 15442613 | AC60: 16474254 | AD60: 17391966 | AE60: 18527327 | AF60: 19434222 | AG60: 20604731 | AH60: 21542973 | AI60: 22656888 | AJ60: 23781255 | AK60: 24879622 | AL60: 26142306 | AM60: 27213032 | AN60: 28436894 | AO60: 29553602
A61: =B61&"_"&D61 -> Domestic passengers_Bahrain | B61: Domestic passengers | C61: MEA | D61: Bahrain | E61: - | F61: ✓ | G61: - | H61: - | I61: - | J61: - | K61: - | L61: - | M61: - | N61: - | O61: - | P61: - | Q61: -
A62: =B62&"_"&D62 -> Total passengers_Uruguay | B62: Total passengers | C62: LAC | D62: Uruguay | E62: - | F62: ✓ | G62: - | H62: - | I62: - | J62: - | K62: - | L62: - | M62: - | N62: - | O62: - | P62: - | Q62: - | R62: 2285599 | S62: 2331503.5 | T62: 2442369.7 | U62: 2565964.2 | V62: 2703973.7 | W62: 2854643.2 | X62: 3005312.7 | Y62: 3155982.2 | Z62: 3306651.7 | AA62: 3457321.2 | AB62: 3607990.7 | AC62: 3758660.2 | AD62: 3909329.8 | AE62: 4059999.3 | AF62: 4210668.8 | AG62: 4361338.3 | AH62: 4512007.8 | AI62: 4662677.3 | AJ62: 4813346.8 | AK62: 4964016.3 | AL62: 5114685.8 | AM62: 5265355.3 | AN62: 5416024.8 | AO62: 5566694.3
A63: =B63&"_"&D63 -> Total aircraft movements_Uruguay | B63: Total aircraft movements | C63: LAC | D63: Uruguay | E63: - | F63: ✓ | G63: - | H63: - | I63: - | J63: - | K63: - | L63: - | M63: - | N63: - | O63: - | P63: - | Q63: - | R63: 33689 | S63: 35524.763 | T63: 36523.864 | U63: 37464.514 | V63: 38203.097 | W63: 38948.946 | X63: 39703.733 | Y63: 40467.749 | Z63: 41241.094 | AA63: 42026.847 | AB63: 42822.214 | AC63: 43601.323 | AD63: 44389.917 | AE63: 45188.156 | AF63: 45952.565 | AG63: 46709.477 | AH63: 47485.171 | AI63: 48267.639 | AJ63: 49057.092 | AK63: 49857 | AL63: 50604.356 | AM63: 51357.299 | AN63: 52115.878 | AO63: 52880.137
A64: =B64&"_"&D64 -> Total Cargo_Uruguay | B64: Total Cargo | C64: LAC | D64: Uruguay | E64: - | F64: ✓ | G64: - | H64: - | I64: - | J64: - | K64: - | L64: - | M64: - | N64: - | O64: - | P64: - | Q64: - | R64: 28232 | S64: 28131.366 | T64: 28366.85 | U64: 29060.29 | V64: 29982.209 | W64: 31070.45 | X64: 32158.691 | Y64: 33246.932 | Z64: 34335.174 | AA64: 35423.415 | AB64: 36511.656 | AC64: 37599.897 | AD64: 38688.139 | AE64: 39776.38 | AF64: 40864.621 | AG64: 41952.862 | AH64: 43041.104 | AI64: 44129.345 | AJ64: 45217.586 | AK64: 46305.827 | AL64: 47394.069 | AM64: 48482.31 | AN64: 49570.551 | AO64: 50658.792
A65: =B65&"_"&D65 -> International passengers_Uruguay | B65: International passengers | C65: LAC | D65: Uruguay | E65: - | F65: ✓ | G65: - | H65: - | I65: - | J65: - | K65: - | L65: - | M65: - | N65: - | O65: - | P65: - | Q65: - | R65: 2266960 | S65: 2318611.7 | T65: 2428916.7 | U65: 2552510.9 | V65: 2690520.2 | W65: 2841189.7 | X65: 2991859.2 | Y65: 3142528.7 | Z65: 3293198.2 | AA65: 3443867.7 | AB65: 3594537.2 | AC65: 3745206.7 | AD65: 3895876.2 | AE65: 4046545.8 | AF65: 4197215.3 | AG65: 4347884.8 | AH65: 4498554.3 | AI65: 4649223.8 | AJ65: 4799893.3 | AK65: 4950562.8 | AL65: 5101232.3 | AM65: 5251901.8 | AN65: 5402571.3 | AO65: 5553240.8
A66: =B66&"_"&D66 -> Domestic passengers_Uruguay | B66: Domestic passengers | C66: LAC | D66: Uruguay | E66: - | F66: ✓ | G66: - | H66: - | I66: - | J66: - | K66: - | L66: - | M66: - | N66: - | O66: - | P66: - | Q66: -
A67: =B67&"_"&D67 -> Total passengers_Trinidad And Tobago | B67: Total passengers | C67: LAC | D67: Trinidad And Tobago | E67: - | F67: ✓ | G67: - | H67: - | I67: - | J67: - | K67: - | L67: - | M67: - | N67: - | O67: - | P67: - | Q67: - | R67: 4117667 | S67: 4100940.6 | T67: 4216042.7 | U67: 4319499.1 | V67: 4436219 | W67: 4582472.3 | X67: 4732639 | Y67: 4887090.7 | Z67: 5046235 | AA67: 5209782.7 | AB67: 5379017.8 | AC67: 5554546.6 | AD67: 5736707.5 | AE67: 5926099.6 | AF67: 6123393.1 | AG67: 6330468 | AH67: 6548600.4 | AI67: 6779277.8 | AJ67: 7024286 | AK67: 7285457.7 | AL67: 7565675.4 | AM67: 7868087 | AN67: 8196573.1 | AO67: 8555971.9
A68: =B68&"_"&D68 -> Total aircraft movements_Trinidad And Tobago | B68: Total aircraft movements | C68: LAC | D68: Trinidad And Tobago | E68: - | F68: ✓ | G68: - | H68: - | I68: - | J68: - | K68: - | L68: - | M68: - | N68: - | O68: - | P68: - | Q68: -
A69: =B69&"_"&D69 -> Total Cargo_Trinidad And Tobago | B69: Total Cargo | C69: LAC | D69: Trinidad And Tobago | E69: - | F69: ✓ | G69: - | H69: - | I69: - | J69: - | K69: - | L69: - | M69: - | N69: - | O69: - | P69: - | Q69: -
A70: =B70&"_"&D70 -> International passengers_Trinidad And Tobago | B70: International passengers | C70: LAC | D70: Trinidad And Tobago | E70: - | F70: ✓ | G70: - | H70: - | I70: - | J70: - | K70: - | L70: - | M70: - | N70: - | O70: - | P70: - | Q70: - | R70: 1938204 | S70: 1932669.7 | T70: 1977004.7 | U70: 2006903.1 | V70: 2056284.8 | W70: 2119084.3 | X70: 2185739.3 | Y70: 2256612.7 | Z70: 2332114.4 | AA70: 2412708.6 | AB70: 2498924 | AC70: 2591364.1 | AD70: 2690722 | AE70: 2797797 | AF70: 2913515.8 | AG70: 3038959.2 | AH70: 3175394.7 | AI70: 3324319.1 | AJ70: 3487512.7 | AK70: 3667109 | AL70: 3865687 | AM70: 4086393.4 | AN70: 4333107.2 | AO70: 4610665.4
A71: =B71&"_"&D71 -> Domestic passengers_Trinidad And Tobago | B71: Domestic passengers | C71: LAC | D71: Trinidad And Tobago | E71: - | F71: ✓ | G71: - | H71: - | I71: - | J71: - | K71: - | L71: - | M71: - | N71: - | O71: - | P71: - | Q71: - | R71: 1917672 | S71: 1880006.3 | T71: 1950036.3 | U71: 2022077.4 | V71: 2087235.4 | W71: 2167366.1 | X71: 2247496.8 | Y71: 2327627.5 | Z71: 2407758.2 | AA71: 2487888.9 | AB71: 2568019.6 | AC71: 2648150.3 | AD71: 2728281 | AE71: 2808411.7 | AF71: 2888542.4 | AG71: 2968673.1 | AH71: 3048803.8 | AI71: 3128934.5 | AJ71: 3209065.2 | AK71: 3289195.9 | AL71: 3369326.6 | AM71: 3449457.3 | AN71: 3529588 | AO71: 3609718.7
A72: =B72&"_"&D72 -> Total passengers_Puerto Rico | B72: Total passengers | C72: LAC | D72: Puerto Rico | E72: ✓ | F72: - | G72: - | H72: - | I72: - | J72: - | K72: - | L72: - | M72: - | N72: - | O72: - | P72: - | Q72: - | R72: 9512936 | S72: 8727751 | T72: 9025337.2 | U72: 9277650.1 | V72: 9555287.9 | W72: 9933345 | X72: 10292968 | Y72: 10676884 | Z72: 10970096 | AA72: 11306542 | AB72: 11550023 | AC72: 11833761 | AD72: 12146411 | AE72: 12534756 | AF72: 12882560 | AG72: 13234116 | AH72: 13609686 | AI72: 13937719 | AJ72: 14355453 | AK72: 14739163 | AL72: 15196373 | AM72: 15647283 | AN72: 16021262 | AO72: 16457634
A73: =B73&"_"&D73 -> Total aircraft movements_Puerto Rico | B73: Total aircraft movements | C73: LAC | D73: Puerto Rico | E73: ✓ | F73: - | G73: - | H73: - | I73: - | J73: - | K73: - | L73: - | M73: - | N73: - | O73: - | P73: - | Q73: - | R73: 398742 | S73: 350417.67 | T73: 358746.06 | U73: 365403.42 | V73: 372599.97 | W73: 379498.02 | X73: 387051.06 | Y73: 394608.68 | Z73: 402166.02 | AA73: 410038.77 | AB73: 417915.81 | AC73: 425788.56 | AD73: 433659.9 | AE73: 441439.16 | AF73: 450492.09 | AG73: 459960.88 | AH73: 469412.27 | AI73: 478845.13 | AJ73: 488257.12 | AK73: 499520.01 | AL73: 510950.86 | AM73: 522372.73 | AN73: 533787 | AO73: 545194.47
A74: =B74&"_"&D74 -> Total Cargo_Puerto Rico | B74: Total Cargo | C74: LAC | D74: Puerto Rico | E74: ✓ | F74: - | G74: - | H74: - | I74: - | J74: - | K74: - | L74: - | M74: - | N74: - | O74: - | P74: - | Q74: - | R74: 266638 | S74: 313369.94 | T74: 323909.84 | U74: 323886.7 | V74: 325632.31 | W74: 328243.73 | X74: 330855.14 | Y74: 333466.56 | Z74: 336077.97 | AA74: 338689.39 | AB74: 341300.8 | AC74: 343912.22 | AD74: 346523.64 | AE74: 349135.05 | AF74: 351746.47 | AG74: 354357.88 | AH74: 356969.3 | AI74: 359580.71 | AJ74: 362192.13 | AK74: 364803.55 | AL74: 367414.96 | AM74: 370026.38 | AN74: 372637.79 | AO74: 375249.21
A75: =B75&"_"&D75 -> International passengers_Puerto Rico | B75: International passengers | C75: LAC | D75: Puerto Rico | E75: ✓ | F75: - | G75: - | H75: - | I75: - | J75: - | K75: - | L75: - | M75: - | N75: - | O75: - | P75: - | Q75: - | R75: 1000167 | S75: 794094.75 | T75: 876974.13 | U75: 937625.39 | V75: 1006958.8 | W75: 1105885.7 | X75: 1206326 | Y75: 1319869.4 | Z75: 1383804 | AA75: 1460753.9 | AB75: 1524032.8 | AC75: 1597245.9 | AD75: 1678814.5 | AE75: 1778447.3 | AF75: 1882674.6 | AG75: 1968041.3 | AH75: 2060865.5 | AI75: 2148206.2 | AJ75: 2255576.3 | AK75: 2364006.6 | AL75: 2478930.6 | AM75: 2596371.1 | AN75: 2699150.3 | AO75: 2811789.8
A76: =B76&"_"&D76 -> Domestic passengers_Puerto Rico | B76: Domestic passengers | C76: LAC | D76: Puerto Rico | E76: ✓ | F76: - | G76: - | H76: - | I76: - | J76: - | K76: - | L76: - | M76: - | N76: - | O76: - | P76: - | Q76: - | R76: 8512769 | S76: 7933656.3 | T76: 8148363.1 | U76: 8340024.7 | V76: 8548329.2 | W76: 8827459.3 | X76: 9086641.8 | Y76: 9357014.8 | Z76: 9586292.2 | AA76: 9845787.9 | AB76: 10025990 | AC76: 10236515 | AD76: 10467597 | AE76: 10756309 | AF76: 10999886 | AG76: 11266075 | AH76: 11548821 | AI76: 11789513 | AJ76: 12099877 | AK76: 12375156 | AL76: 12717443 | AM76: 13050912 | AN76: 13322112 | AO76: 13645844
A77: =B77&"_"&D77 -> Total passengers_Peru | B77: Total passengers | C77: LAC | D77: Peru | E77: - | F77: ✓ | G77: - | H77: - | I77: - | J77: - | K77: - | L77: - | M77: - | N77: - | O77: - | P77: ✓ | Q77: - | R77: 32519077 | S77: 35591146 | T77: 38322919 | U77: 41325430 | V77: 44401431 | W77: 47510965 | X77: 50784844 | Y77: 54093288 | Z77: 57485737 | AA77: 60919972 | AB77: 64471635 | AC77: 68203265 | AD77: 72096303 | AE77: 76169658 | AF77: 80264253 | AG77: 84278560 | AH77: 88485382 | AI77: 92883839 | AJ77: 97478689 | AK77: 1.0208166e+08 | AL77: 1.0667599e+08 | AM77: 1.1146057e+08 | AN77: 1.1643825e+08 | AO77: 1.2161698e+08
A78: =B78&"_"&D78 -> Total aircraft movements_Peru | B78: Total aircraft movements | C78: LAC | D78: Peru | E78: - | F78: ✓ | G78: - | H78: - | I78: - | J78: - | K78: - | L78: - | M78: - | N78: - | O78: - | P78: ✓ | Q78: - | R78: 395191 | S78: 437476.78 | T78: 477508.47 | U78: 514362.18 | V78: 545460.02 | W78: 569767.19 | X78: 594074.35 | Y78: 618381.52 | Z78: 642688.68 | AA78: 666995.85 | AB78: 691303.02 | AC78: 715610.18 | AD78: 739917.35 | AE78: 764224.51 | AF78: 788531.68 | AG78: 812838.84 | AH78: 837146.01 | AI78: 861453.18 | AJ78: 885760.34 | AK78: 910067.51 | AL78: 934374.67 | AM78: 958681.84 | AN78: 982989 | AO78: 1007296.2
A79: =B79&"_"&D79 -> Total Cargo_Peru | B79: Total Cargo | C79: LAC | D79: Peru | E79: - | F79: ✓ | G79: - | H79: - | I79: - | J79: - | K79: - | L79: - | M79: - | N79: - | O79: - | P79: ✓ | Q79: - | R79: 308759 | S79: 323861.05 | T79: 332373.54 | U79: 340580.22 | V79: 348086.41 | W79: 355008.29 | X79: 362199.37 | Y79: 369675.59 | Z79: 377454.21 | AA79: 385553.89 | AB79: 393994.89 | AC79: 402799.21 | AD79: 411990.81 | AE79: 421595.8 | AF79: 431642.73 | AG79: 442162.86 | AH79: 453190.5 | AI79: 464763.37 | AJ79: 476923.1 | AK79: 489715.71 | AL79: 503192.2 | AM79: 517409.3 | AN79: 532430.26 | AO79: 548325.89
A80: =B80&"_"&D80 -> International passengers_Peru | B80: International passengers | C80: LAC | D80: Peru | E80: - | F80: ✓ | G80: - | H80: - | I80: - | J80: - | K80: - | L80: - | M80: - | N80: - | O80: - | P80: ✓ | Q80: - | R80: 9288173 | S80: 9857400.1 | T80: 10367000 | U80: 10946663 | V80: 11670971 | W80: 12630191 | X80: 13656778 | Y80: 14754676 | Z80: 15928015 | AA80: 17079938 | AB80: 18303518 | AC80: 19601708 | AD80: 20978696 | AE80: 22438475 | AF80: 23811011 | AG80: 25255490 | AH80: 26775065 | AI80: 28372998 | AJ80: 30052667 | AK80: 31594580 | AL80: 33203744 | AM80: 34883892 | AN80: 36636310 | AO80: 38464991
A81: =B81&"_"&D81 -> Domestic passengers_Peru | B81: Domestic passengers | C81: LAC | D81: Peru | E81: - | F81: ✓ | G81: - | H81: - | I81: - | J81: - | K81: - | L81: - | M81: - | N81: - | O81: - | P81: ✓ | Q81: - | R81: 23064232 | S81: 25531891 | T81: 27758114 | U81: 30180963 | V81: 32532654 | W81: 34682970 | X81: 36930261 | Y81: 39140806 | Z81: 41359917 | AA81: 43642229 | AB81: 45970312 | AC81: 48403752 | AD81: 50919801 | AE81: 53533378 | AF81: 56255437 | AG81: 58825264 | AH81: 61512511 | AI81: 64313035 | AJ81: 67228217 | AK81: 70289272 | AL81: 73274441 | AM81: 76378872 | AN81: 79604133 | AO81: 82954181
... A85: =B85&"_"&D85 -> International passengers_Panama | B85: International passengers | C85: LAC | D85: Panama | E85: - | F85: ✓ | G85: - | H85: - | I85: - | J85: - | K85: - | L85: - | M85: - | N85: - | O85: - | P85: - | Q85: - | R85: 15511706 | S85: 16247083 | T85: 16973840 | U85: 17799046 | V85: 18919546 | W85: 20405650 | X85: 21968378 | Y85: 23609035 | Z85: 25328856 | AA85: 27155240 | AB85: 29062693 | AC85: 31052090 | AD85: 33124170 | AE85: 35279491 | AF85: 37565834 | AG85: 39885769 | AH85: 42306173 | AI85: 44827971 | AJ85: 47454745 | AK85: 50213767 | AL85: 52971625 | AM85: 55833224 | AN85: 58799729 | AO85: 61873133
A86: =B86&"_"&D86 -> Domestic passengers_Panama | B86: Domestic passengers | C86: LAC | D86: Panama | E86: - | F86: ✓ | G86: - | H86: - | I86: - | J86: - | K86: - | L86: - | M86: - | N86: - | O86: - | P86: - | Q86: -
A87: =B87&"_"&D87 -> Total passengers_Nicaragua | B87: Total passengers | C87: LAC | D87: Nicaragua | E87: - | F87: ✓ | G87: - | H87: - | I87: - | J87: - | K87: - | L87: - | M87: - | N87: - | O87: - | P87: - | Q87: - | R87: 1627527 | S87: 1458066.6 | T87: 1559713.1 | U87: 1645033.6 | V87: 1738538.5 | W87: 1838097.5 | X87: 1944610.2 | Y87: 2058957.2 | Z87: 2182011 | AA87: 2314387.6 | AB87: 2457072.8 | AC87: 2611026.6 | AD87: 2777318.7 | AE87: 2957084.6 | AF87: 3147934.4 | AG87: 3345657.6 | AH87: 3559972.5 | AI87: 3792719.7 | AJ87: 4045945.5 | AK87: 4313618 | AL87: 4584428.5 | AM87: 4878398.3 | AN87: 5198003.7 | AO87: 5545978.7
A88: =B88&"_"&D88 -> Total aircraft movements_Nicaragua | B88: Total aircraft movements | C88: LAC | D88: Nicaragua | E88: - | F88: ✓ | G88: - | H88: - | I88: - | J88: - | K88: - | L88: - | M88: - | N88: - | O88: - | P88: - | Q88: - | R88: 21164 | S88: 19339.591 | T88: 19974.112 | U88: 20525.905 | V88: 21119.659 | W88: 21657.858 | X88: 22196.057 | Y88: 22734.256 | Z88: 23272.455 | AA88: 23810.655 | AB88: 24348.854 | AC88: 24887.053 | AD88: 25425.252 | AE88: 25963.451 | AF88: 26501.65 | AG88: 27039.849 | AH88: 27578.048 | AI88: 28116.247 | AJ88: 28654.446 | AK88: 29192.645 | AL88: 29730.844 | AM88: 30269.043 | AN88: 30807.242 | AO88: 31345.441
A89: =B89&"_"&D89 -> Total Cargo_Nicaragua | B89: Total Cargo | C89: LAC | D89: Nicaragua | E89: - | F89: ✓ | G89: - | H89: - | I89: - | J89: - | K89: - | L89: - | M89: - | N89: - | O89: - | P89: - | Q89: -
A90: =B90&"_"&D90 -> International passengers_Nicaragua | B90: International passengers | C90: LAC | D90: Nicaragua | E90: - | F90: ✓ | G90: - | H90: - | I90: - | J90: - | K90: - | L90: - | M90: - | N90: - | O90: - | P90: - | Q90: - | R90: 1446045 | S90: 1284825.5 | T90: 1383601.9 | U90: 1464461.4 | V90: 1551604.2 | W90: 1642792.3 | X90: 1740416.2 | Y90: 1845279.7 | Z90: 1958192.7 | AA90: 2079709.5 | AB90: 2210822.3 | AC90: 2352463.9 | AD90: 2505668.3 | AE90: 2671544 | AF90: 2846421.5 | AG90: 3028483.5 | AH90: 3226203.3 | AI90: 3441363.3 | AJ90: 3675950.7 | AK90: 3922986 | AL90: 4174241.4 | AM90: 4447609.9 | AN90: 4745516.1 | AO90: 5070644.6
A91: =B91&"_"&D91 -> Domestic passengers_Nicaragua | B91: Domestic passengers | C91: LAC | D91: Nicaragua | E91: - | F91: ✓ | G91: - | H91: - | I91: - | J91: - | K91: - | L91: - | M91: - | N91: - | O91: - | P91: - | Q91: - | R91: 181482 | S91: 173241.13 | T91: 176111.23 | U91: 180572.13 | V91: 186934.34 | W91: 195305.16 | X91: 204193.98 | Y91: 213677.5 | Z91: 223818.29 | AA91: 234678.13 | AB91: 246250.44 | AC91: 258562.69 | AD91: 271650.37 | AE91: 285540.57 | AF91: 301512.92 | AG91: 317174.05 | AH91: 333769.2 | AI91: 351356.43 | AJ91: 369994.8 | AK91: 390632 | AL91: 410187.08 | AM91: 430788.4 | AN91: 452487.63 | AO91: 475334.02
A92: =B92&"_"&D92 -> Total passengers_Mexico | B92: Total passengers | C92: LAC | D92: Mexico | E92: - | F92: ✓ | G92: - | H92: - | I92: - | J92: - | K92: - | L92: - | M92: - | N92: ✓ | O92: ✓ | P92: ✓ | Q92: ✓ | R92: 136299625 | S92: 1.4691372e+08 | T92: 1.5680862e+08 | U92: 1.6741306e+08 | V92: 1.7762859e+08 | W92: 1.8776291e+08 | X92: 1.9832974e+08 | Y92: 2.0933953e+08 | Z92: 2.2080273e+08 | AA92: 2.3273053e+08 | AB92: 2.4513441e+08 | AC92: 2.5802604e+08 | AD92: 2.7141726e+08 | AE92: 2.853201e+08 | AF92: 2.997467e+08 | AG92: 3.1470947e+08 | AH92: 3.3022094e+08 | AI92: 3.4629376e+08 | AJ92: 3.6294071e+08 | AK92: 3.8017474e+08 | AL92: 3.9800895e+08 | AM92: 4.1645658e+08 | AN92: 4.3553104e+08 | AO92: 4.5524585e+08
A93: =B93&"_"&D93 -> Total aircraft movements_Mexico | B93: Total aircraft movements | C93: LAC | D93: Mexico | E93: - | F93: ✓ | G93: - | H93: - | I93: - | J93: - | K93: - | L93: - | M93: - | N93: ✓ | O93: ✓ | P93: ✓ | Q93: ✓ | R93: 1749848 | S93: 1814008.8 | T93: 1871168.8 | U93: 1928251.7 | V93: 1979096.4 | W93: 2026656.9 | X93: 2074484.8 | Y93: 2122142.3 | Z93: 2169777.4 | AA93: 2217433 | AB93: 2265090.1 | AC93: 2312744.7 | AD93: 2360399.3 | AE93: 2408054.1 | AF93: 2455708.9 | AG93: 2503363.8 | AH93: 2551018.6 | AI93: 2598673.4 | AJ93: 2646328.2 | AK93: 2693983 | AL93: 2741637.8 | AM93: 2789292.6 | AN93: 2836947.5 | AO93: 2884602.3
A94: =B94&"_"&D94 -> Total Cargo_Mexico | B94: Total Cargo | C94: LAC | D94: Mexico | E94: - | F94: ✓ | G94: - | H94: - | I94: - | J94: - | K94: - | L94: - | M94: - | N94: ✓ | O94: ✓ | P94: ✓ | Q94: ✓ | R94: 906732 | S94: 970854.45 | T94: 1012669.2 | U94: 1046455.9 | V94: 1079081.2 | W94: 1112514.6 | X94: 1145948.1 | Y94: 1179381.5 | Z94: 1212815 | AA94: 1246248.4 | AB94: 1279681.9 | AC94: 1313115.3 | AD94: 1346548.8 | AE94: 1379982.2 | AF94: 1413415.7 | AG94: 1446849.1 | AH94: 1480282.6 | AI94: 1513716 | AJ94: 1547149.5 | AK94: 1580582.9 | AL94: 1614016.4 | AM94: 1647449.8 | AN94: 1680883.3 | AO94: 1714316.7
A95: =B95&"_"&D95 -> International passengers_Mexico | B95: International passengers | C95: LAC | D95: Mexico | E95: - | F95: ✓ | G95: - | H95: - | I95: - | J95: - | K95: - | L95: - | M95: - | N95: ✓ | O95: ✓ | P95: ✓ | Q95: ✓ | R95: 46739627 | S95: 49693362 | T95: 52624788 | U95: 56272399 | V95: 60242144 | W95: 64599457 | X95: 69187442 | Y95: 74013990 | Z95: 79087116 | AA95: 84414966 | AB95: 90005810 | AC95: 95868044 | AD95: 1.0201019e+08 | AE95: 1.084409e+08 | AF95: 1.1516895e+08 | AG95: 1.2220324e+08 | AH95: 1.2955279e+08 | AI95: 1.3722677e+08 | AJ95: 1.4523443e+08 | AK95: 1.535852e+08 | AL95: 1.6228859e+08 | AM95: 1.7135425e+08 | AN95: 1.8079198e+08 | AO95: 1.9061165e+08
A96: =B96&"_"&D96 -> Domestic passengers_Mexico | B96: Domestic passengers | C96: LAC | D96: Mexico | E96: - | F96: ✓ | G96: - | H96: - | I96: - | J96: - | K96: - | L96: - | M96: - | N96: ✓ | O96: ✓ | P96: ✓ | Q96: ✓ | R96: 89180079 | S96: 96850278 | T96: 1.0378504e+08 | U96: 1.107486e+08 | V96: 1.1702342e+08 | W96: 1.2284251e+08 | X96: 1.2885764e+08 | Y96: 1.3507235e+08 | Z96: 1.4149021e+08 | AA96: 1.481148e+08 | AB96: 1.5494969e+08 | AC96: 1.6199848e+08 | AD96: 1.6926479e+08 | AE96: 1.7675223e+08 | AF96: 1.8446442e+08 | AG96: 1.92405e+08 | AH96: 2.0057762e+08 | AI96: 2.0898594e+08 | AJ96: 2.1763361e+08 | AK96: 2.2652432e+08 | AL96: 2.3566176e+08 | AM96: 2.450496e+08 | AN96: 2.5469156e+08 | AO96: 2.6459136e+08
A97: =B97&"_"&D97 -> Total passengers_Jamaica | B97: Total passengers | C97: LAC | D97: Jamaica | E97: - | F97: ✓ | G97: - | H97: - | I97: - | J97: - | K97: - | L97: - | M97: - | N97: - | O97: - | P97: - | Q97: - | R97: 5901854 | S97: 6197133.9 | T97: 6510696.5 | U97: 6805141.6 | V97: 7099585.2 | W97: 7399452.2 | X97: 7705729.3 | Y97: 8017871.3 | Z97: 8335397.1 | AA97: 8658007 | AB97: 8985412.6 | AC97: 9317381 | AD97: 9653594.4 | AE97: 9993798.7 | AF97: 10337843 | AG97: 10685734 | AH97: 11037284 | AI97: 11392481 | AJ97: 11751218 | AK97: 12113445 | AL97: 12479060 | AM97: 12848024 | AN97: 13220245 | AO97: 13595708
A98: =B98&"_"&D98 -> Total aircraft movements_Jamaica | B98: Total aircraft movements | C98: LAC | D98: Jamaica | E98: - | F98: ✓ | G98: - | H98: - | I98: - | J98: - | K98: - | L98: - | M98: - | N98: - | O98: - | P98: - | Q98: - | R98: 61887 | S98: 62070.32 | T98: 62636.521 | U98: 62687.362 | V98: 62974.236 | W98: 63348.083 | X98: 63682.442 | Y98: 63976.26 | Z98: 64230.446 | AA98: 64837.226 | AB98: 65395.937 | AC98: 65903.397 | AD98: 66377.22 | AE98: 66833.4 | AF98: 67684.017 | AG98: 68510.201 | AH98: 69328.09 | AI98: 70127.57 | AJ98: 70916.935 | AK98: 72133.86 | AL98: 73349.108 | AM98: 74559.754 | AN98: 75777.446 | AO98: 76997.296
A99: =B99&"_"&D99 -> Total Cargo_Jamaica | B99: Total Cargo | C99: LAC | D99: Jamaica | E99: - | F99: ✓ | G99: - | H99: - | I99: - | J99: - | K99: - | L99: - | M99: - | N99: - | O99: - | P99: - | Q99: - | R99: 20873 | S99: 21074.905 | T99: 21393.205 | U99: 21827.029 | V99: 22369.868 | W99: 22989.791 | X99: 23567.801 | Y99: 24219.89 | Z99: 24829.092 | AA99: 25648.833 | AB99: 26226.843 | AC99: 26790.232 | AD99: 27375.065 | AE99: 28284.481 | AF99: 28797.185 | AG99: 29582.81 | AH99: 30278.762 | AI99: 30966.916 | AJ99: 31748.643 | AK99: 32462.139 | AL99: 33388.125 | AM99: 34135.737 | AN99: 34891.146 | AO99: 35814.208
A100: =B100&"_"&D100 -> International passengers_Jamaica | B100: International passengers | C100: LAC | D100: Jamaica | E100: - | F100: ✓ | G100: - | H100: - | I100: - | J100: - | K100: - | L100: - | M100: - | N100: - | O100: - | P100: - | Q100: - | R100: 5803339 | S100: 6082291.5 | T100: 6398273.6 | U100: 6698347.8 | V100: 7003361.8 | W100: 7315877.7 | X100: 7632434.9 | Y100: 7952963.5 | Z100: 8277396.9 | AA100: 8605671.3 | AB100: 8937726 | AC100: 9273502.4 | AD100: 9612944.7 | AE100: 9955999.3 | AF100: 10302614 | AG100: 10652741 | AH100: 11006330 | AI100: 11363337 | AJ100: 11723716 | AK100: 12087426 | AL100: 12454424 | AM100: 12824671 | AN100: 13198128 | AO100: 13574758
A101: =B101&"_"&D101 -> Domestic passengers_Jamaica | B101: Domestic passengers | C101: LAC | D101: Jamaica | E101: - | F101: ✓ | G101: - | H101: - | I101: - | J101: - | K101: - | L101: - | M101: - | N101: - | O101: - | P101: - | Q101: -
A102: =B102&"_"&D102 -> Total passengers_Honduras | B102: Total passengers | C102: LAC | D102: Honduras | E102: - | F102: ✓ | G102: - | H102: - | I102: - | J102: - | K102: - | L102: - | M102: - | N102: - | O102: - | P102: - | Q102: - | R102: 2217144 | S102: 2327557.9 | T102: 2399419.5 | U102: 2482091.7 | V102: 2577578.8 | W102: 2697390.3 | X102: 2827303.2 | Y102: 2967766.9 | Z102: 3119360 | AA102: 3288370.6 | AB102: 3469482.3 | AC102: 3663296.7 | AD102: 3869674.9 | AE102: 4088778.9 | AF102: 4334906 | AG102: 4601394.3 | AH102: 4884588 | AI102: 5185410.4 | AJ102: 5504814.8 | AK102: 5853668.4 | AL102: 6204630 | AM102: 6575904.2 | AN102: 6968398.2 | AO102: 7383240.8
A103: =B103&"_"&D103 -> Total aircraft movements_Honduras | B103: Total aircraft movements | C103: LAC | D103: Honduras | E103: - | F103: ✓ | G103: - | H103: - | I103: - | J103: - | K103: - | L103: - | M103: - | N103: - | O103: - | P103: - | Q103: -
A104: =B104&"_"&D104 -> Total Cargo_Honduras | B104: Total Cargo | C104: LAC | D104: Honduras | E104: - | F104: ✓ | G104: - | H104: - | I104: - | J104: - | K104: - | L104: - | M104: - | N104: - | O104: - | P104: - | Q104: - | R104: 30228 | S104: 37622.926 | T104: 39377.642 | U104: 41439.192 | V104: 43552.443 | W104: 45714.957 | X104: 47877.472 | Y104: 50039.986 | Z104: 52202.501 | AA104: 54365.015 | AB104: 56527.529 | AC104: 58690.044 | AD104: 60852.558 | AE104: 63015.073 | AF104: 65177.587 | AG104: 67340.101 | AH104: 69502.616 | AI104: 71665.13 | AJ104: 73827.644 | AK104: 75990.159 | AL104: 78152.673 | AM104: 80315.188 | AN104: 82477.702 | AO104: 84640.216
A105: =B105&"_"&D105 -> International passengers_Honduras | B105: International passengers | C105: LAC | D105: Honduras | E105: - | F105: ✓ | G105: - | H105: - | I105: - | J105: - | K105: - | L105: - | M105: - | N105: - | O105: - | P105: - | Q105: - | R105: 1679092 | S105: 1726609.2 | T105: 1774126.4 | U105: 1838566.6 | V105: 1924061.4 | W105: 2033993.6 | X105: 2150962.6 | Y105: 2275285.4 | Z105: 2407365.1 | AA105: 2550039.8 | AB105: 2701148.6 | AC105: 2861111 | AD105: 3029830.1 | AE105: 3207418.9 | AF105: 3401650.8 | AG105: 3610074.1 | AH105: 3830140.8 | AI105: 4062476.2 | AJ105: 4307781 | AK105: 4571060.7 | AL105: 4835827.6 | AM105: 5114733.9 | AN105: 5408448.1 | AO105: 5717720.8
A106: =B106&"_"&D106 -> Domestic passengers_Honduras | B106: Domestic passengers | C106: LAC | D106: Honduras | E106: - | F106: ✓ | G106: - | H106: - | I106: - | J106: - | K106: - | L106: - | M106: - | N106: - | O106: - | P106: - | Q106: - | R106: 538052 | S106: 600948.72 | T106: 625293.11 | U106: 643525.05 | V106: 653517.37 | W106: 663396.69 | X106: 676340.55 | Y106: 692481.52 | Z106: 711994.88 | AA106: 738330.86 | AB106: 768333.71 | AC106: 802185.71 | AD106: 839844.79 | AE106: 881360.04 | AF106: 933255.18 | AG106: 991320.18 | AH106: 1054447.3 | AI106: 1122934.1 | AJ106: 1197033.8 | AK106: 1282607.7 | AL106: 1368802.4 | AM106: 1461170.2 | AN106: 1559950.1 | AO106: 1665520
A107: =B107&"_"&D107 -> Total passengers_Ecuador | B107: Total passengers | C107: LAC | D107: Ecuador | E107: - | F107: ✓ | G107: - | H107: - | I107: - | J107: - | K107: - | L107: - | M107: - | N107: - | O107: - | P107: - | Q107: - | R107: 9463604 | S107: 10022751 | T107: 10408385 | U107: 10778036 | V107: 11191236 | W107: 11679342 | X107: 12193616 | Y107: 12735531 | Z107: 13265607 | AA107: 13831049 | AB107: 14415236 | AC107: 15027157 | AD107: 15668253 | AE107: 16335604 | AF107: 17061977 | AG107: 17797881 | AH107: 18568239 | AI107: 19374762 | AJ107: 20219731 | AK107: 21108107 | AL107: 22004617 | AM107: 22943209 | AN107: 23925798 | AO107: 24954706
A108: =B108&"_"&D108 -> Total aircraft movements_Ecuador | B108: Total aircraft movements | C108: LAC | D108: Ecuador | E108: - | F108: ✓ | G108: - | H108: - | I108: - | J108: - | K108: - | L108: - | M108: - | N108: - | O108: - | P108: - | Q108: - | R108: 167197 | S108: 168929.4 | T108: 170045.15 | U108: 173563.3 | V108: 176510.18 | W108: 180628 | X108: 184826.55 | Y108: 189105.44 | Z108: 193320.55 | AA108: 197453.49 | AB108: 201627.96 | AC108: 205873.67 | AD108: 210192.55 | AE108: 214571.65 | AF108: 218885.22 | AG108: 223193.73 | AH108: 227573.54 | AI108: 232029.12 | AJ108: 236561.82 | AK108: 240896.33 | AL108: 245207.44 | AM108: 249592.21 | AN108: 254051.39 | AO108: 258586.52
A109: =B109&"_"&D109 -> Total Cargo_Ecuador | B109: Total Cargo | C109: LAC | D109: Ecuador | E109: - | F109: ✓ | G109: - | H109: - | I109: - | J109: - | K109: - | L109: - | M109: - | N109: - | O109: - | P109: - | Q109: - | R109: 250782 | S109: 267413.33 | T109: 273919.79 | U109: 279833.99 | V109: 285282.32 | W109: 290630.81 | X109: 296135.37 | Y109: 301802.36 | Z109: 307184.27 | AA109: 312674.04 | AB109: 318215.69 | AC109: 323901.47 | AD109: 329738.56 | AE109: 335688.07 | AF109: 341924.25 | AG109: 348082.02 | AH109: 354409 | AI109: 360914.08 | AJ109: 367607.97 | AK109: 374344.91 | AL109: 380965.11 | AM109: 387784.19 | AN109: 394807.92 | AO109: 402044.95
A110: =B110&"_"&D110 -> International passengers_Ecuador | B110: International passengers | C110: LAC | D110: Ecuador | E110: - | F110: ✓ | G110: - | H110: - | I110: - | J110: - | K110: - | L110: - | M110: - | N110: - | O110: - | P110: - | Q110: - | R110: 4122217 | S110: 4390372.6 | T110: 4590460.1 | U110: 4778304.8 | V110: 4986798.7 | W110: 5220758.5 | X110: 5463136 | Y110: 5714143.8 | Z110: 5973997.6 | AA110: 6242916.5 | AB110: 6521122.6 | AC110: 6808841 | AD110: 7106300.3 | AE110: 7413732.2 | AF110: 7731371.6 | AG110: 8059456.5 | AH110: 8398228.4 | AI110: 8747932 | AJ110: 9108815.1 | AK110: 9481129 | AL110: 9865128.2 | AM110: 10261070 | AN110: 10669217 | AO110: 11089832
...

Sheet watf_2019
B1: Metric | C1: Region | D1: Entity | E1: Advanced economies | F1: Emerging and developing economies | G1: G7 | H1: Euro area | I1: European union | J1: Emerging and developing Asia | K1: ASEAN-5 | L1: Sub-Saharan Africa | M1: BRICS | N1: NEXT 11 | O1: MINT | P1: Emerging aviation markets | Q1: Major exporters of manufactured goods | R1: 2018 | S1: 2019 | T1: 2020 | U1: 2021 | V1: 2022 | W1: 2023 | X1: 2024 | Y1: 2025 | Z1: 2026 | AA1: 2027 | AB1: 2028 | AC1: 2029 | AD1: 2030 | AE1: 2031 | AF1: 2032 | AG1: 2033 | AH1: 2034 | AI1: 2035 | AJ1: 2036 | AK1: 2037 | AL1: 2038 | AM1: 2039 | AN1: 2040
A2: =B2&"_"&D2 -> Total passengers_Zambia | B2: Total passengers | C2: AFR | D2: Zambia | E2: - | F2: ✓ | G2: - | H2: - | I2: - | J2: - | K2: - | L2: ✓ | M2: - | N2: - | O2: - | P2: - | Q2: - | R2: 1931827 | S2: 1846100.1 | T2: 1880703.8 | U2: 1905727.9 | V2: 1965938.8 | W2: 2056837.6 | X2: 2152619.9 | Y2: 2254663.4 | Z2: 2365845.5 | AA2: 2484577.9 | AB2: 2609697.2 | AC2: 2739792.4 | AD2: 2875050.7 | AE2: 3015670.1 | AF2: 3161957.3 | AG2: 3313155.2 | AH2: 3471439.6 | AI2: 3638229.1 | AJ2: 3816674.4 | AK2: 4003471.1 | AL2: 4197596.6 | AM2: 4400264.4 | AN2: 4613562.2
A3: =B3&"_"&D3 -> Total aircraft movements_Zambia | B3: Total aircraft movements | C3: AFR | D3: Zambia | E3: - | F3: ✓ | G3: - | H3: - | I3: - | J3: - | K3: - | L3: ✓ | M3: - | N3: - | O3: - | P3: - | Q3: - | R3: 56595 | S3: 56799.806 | T3: 57120.456 | U3: 57167.878 | V3: 58134.892 | W3: 60022.826 | X3: 61910.76 | Y3: 63798.694 | Z3: 65913.996 | AA3: 68029.298 | AB3: 70144.924 | AC3: 72260.227 | AD3: 74375.529 | AE3: 76695.851 | AF3: 79016.174 | AG3: 81336.496 | AH3: 83656.818 | AI3: 85977.141 | AJ3: 88493.738 | AK3: 91010.66 | AL3: 93527.257 | AM3: 96044.179 | AN3: 98560.776
A4: =B4&"_"&D4 -> Total Cargo_Zambia | B4: Total Cargo | C4: AFR | D4: Zambia | E4: - | F4: ✓ | G4: - | H4: - | I4: - | J4: - | K4: - | L4: ✓ | M4: - | N4: - | O4: - | P4: - | Q4: - | R4: 19880 | S4: 18901.36 | T4: 19459.337 | U4: 20178.555 | V4: 21028.69 | W4: 21916.893 | X4: 22805.068 | Y4: 23693.24 | Z4: 24581.412 | AA4: 25469.584 | AB4: 26357.757 | AC4: 27245.929 | AD4: 28134.101 | AE4: 29022.273 | AF4: 29910.446 | AG4: 30798.618 | AH4: 31686.79 | AI4: 32574.962 | AJ4: 33463.134 | AK4: 34351.307 | AL4: 35239.479 | AM4: 36127.651 | AN4: 37015.823
A5: =B5&"_"&D5 -> International passengers_Zambia | B5: International passengers | C5: AFR | D5: Zambia | E5: - | F5: ✓ | G5: - | H5: - | I5: - | J5: - | K5: - | L5: ✓ | M5: - | N5: - | O5: - | P5: - | Q5: - | R5: 1269114 | S5: 1253138.4 | T5: 1263874.9 | U5: 1283871.7 | V5: 1315448.4 | W5: 1370037 | X5: 1428608.6 | Y5: 1492287.2 | Z5: 1561064.8 | AA5: 1636000.8 | AB5: 1716142.9 | AC5: 1800346.9 | AD5: 1888762.1 | AE5: 1979426.8 | AF5: 2074714.4 | AG5: 2174007.3 | AH5: 2279080.3 | AI5: 2391090.4 | AJ5: 2510574.8 | AK5: 2636867.5 | AL5: 2769141.3 | AM5: 2908379.1 | AN5: 3056290.7
A6: =B6&"_"&D6 -> Domestic passengers_Zambia | B6: Domestic passengers | C6: AFR | D6: Zambia | E6: - | F6: ✓ | G6: - | H6: - | I6: - | J6: - | K6: - | L6: ✓ | M6: - | N6: - | O6: - | P6: - | Q6: - | R6: 367947 | S6: 352785.82 | T6: 366638.51 | U6: 380793.94 | V6: 395090.88 | W6: 413417.43 | X6: 433422.52 | Y6: 455579.7 | Z6: 479322.38 | AA6: 505660.24 | AB6: 534191.21 | AC6: 564434.72 | AD6: 596452.88 | AE6: 628911.04 | AF6: 663317.33 | AG6: 699411.54 | AH6: 737941.51 | AI6: 779394.85 | AJ6: 823511.67 | AK6: 870496.77 | AL6: 920003.2 | AM6: 972443.56 | AN6: 1028539.9
A7: =B7&"_"&D7 -> Total passengers_World | B7: Total passengers | C7: - | D7: World | E7: - | F7: - | G7: - | H7: - | I7: - | J7: - | K7: - | L7: - | M7: - | N7: - | O7: - | P7: - | Q7: - | R7: 8823044352 | S7: 9.1019627e+09 | T7: 9.5174548e+09 | U7: 9.9368634e+09 | V7: 1.0364041e+10 | W7: 1.0832077e+10 | X7: 1.1291834e+10 | Y7: 1.1765449e+10 | Z7: 1.2242524e+10 | AA7: 1.2724473e+10 | AB7: 1.321245e+10 | AC7: 1.3705978e+10 | AD7: 1.4213988e+10 | AE7: 1.4717661e+10 | AF7: 1.5238743e+10 | AG7: 1.5756907e+10 | AH7: 1.6293778e+10 | AI7: 1.6836238e+10 | AJ7: 1.7386323e+10 | AK7: 1.7943903e+10 | AL7: 1.8510401e+10 | AM7: 1.9076286e+10 | AN7: 1.966339e+10
A8: =B8&"_"&D8 -> Total aircraft movements_World | B8: Total aircraft movements | C8: - | D8: World | E8: - | F8: - | G8: - | H8: - | I8: - | J8: - | K8: - | L8: - | M8: - | N8: - | O8: - | P8: - | Q8: - | R8: 99920730 | S8: 1.013983e+08 | T8: 1.0387706e+08 | U8: 1.0634358e+08 | V8: 1.0886348e+08 | W8: 1.1150515e+08 | X8: 1.1415525e+08 | Y8: 1.1679206e+08 | Z8: 1.1941198e+08 | AA8: 1.2202746e+08 | AB8: 1.2464335e+08 | AC8: 1.2725677e+08 | AD8: 1.2986291e+08 | AE8: 1.3244465e+08 | AF8: 1.3500683e+08 | AG8: 1.375633e+08 | AH8: 1.4011112e+08 | AI8: 1.426437e+08 | AJ8: 1.451414e+08 | AK8: 1.4762206e+08 | AL8: 1.5009408e+08 | AM8: 1.5256112e+08 | AN8: 1.5502095e+08
A9: =B9&"_"&D9 -> Total Cargo_World | B9: Total Cargo | C9: - | D9: World | E9: - | F9: - | G9: - | H9: - | I9: - | J9: - | K9: - | L9: - | M9: - | N9: - | O9: - | P9: - | Q9: - | R9: 122650375 | S9: 1.1987952e+08 | T9: 1.232472e+08 | U9: 1.2651494e+08 | V9: 1.3000794e+08 | W9: 1.3383537e+08 | X9: 1.3757273e+08 | Y9: 1.4138008e+08 | Z9: 1.4523649e+08 | AA9: 1.4911466e+08 | AB9: 1.5300722e+08 | AC9: 1.5689615e+08 | AD9: 1.6086262e+08 | AE9: 1.6475068e+08 | AF9: 1.6871063e+08 | AG9: 1.7259303e+08 | AH9: 1.7656691e+08 | AI9: 1.8054683e+08 | AJ9: 1.8453164e+08 | AK9: 1.8851054e+08 | AL9: 1.9247896e+08 | AM9: 1.9643541e+08 | AN9: 2.0047724e+08
A10: =B10&"_"&D10 -> International passengers_World | B10: International passengers | C10: - | D10: World | E10: - | F10: - | G10: - | H10: - | I10: - | J10: - | K10: - | L10: - | M10: - | N10: - | O10: - | P10: - | Q10: - | R10: 3.6254618e+09 | S10: 3.7976501e+09 | T10: 3.9867452e+09 | U10: 4.182916e+09 | V10: 4.3860727e+09 | W10: 4.5986278e+09 | X10: 4.8133385e+09 | Y10: 5.0315942e+09 | Z10: 5.2538429e+09 | AA10: 5.480277e+09 | AB10: 5.7116911e+09 | AC10: 5.9479835e+09 | AD10: 6.1890363e+09 | AE10: 6.4344425e+09 | AF10: 6.6855405e+09 | AG10: 6.9427935e+09 | AH10: 7.2064147e+09 | AI10: 7.4763222e+09 | AJ10: 7.7525459e+09 | AK10: 8.0364656e+09 | AL10: 8.3284569e+09 | AM10: 8.6295563e+09 | AN10: 8.9396409e+09
A11: =B11&"_"&D11 -> Domestic passengers_World | B11: Domestic passengers | C11: - | D11: World | E11: - | F11: - | G11: - | H11: - | I11: - | J11: - | K11: - | L11: - | M11: - | N11: - | O11: - | P11: - | Q11: - | R11: 5.1335663e+09 | S11: 5.2428103e+09 | T11: 5.4670051e+09 | U11: 5.6880781e+09 | V11: 5.910115e+09 | W11: 6.1635359e+09 | X11: 6.4066635e+09 | Y11: 6.6601805e+09 | Z11: 6.9131907e+09 | AA11: 7.1668573e+09 | AB11: 7.4215421e+09 | AC11: 7.6768906e+09 | AD11: 7.9418494e+09 | AE11: 8.1981564e+09 | AF11: 8.4661472e+09 | AG11: 8.7250197e+09 | AH11: 8.9962197e+09 | AI11: 9.2666257e+09 | AJ11: 9.5383715e+09 | AK11: 9.8098934e+09 | AL11: 1.0082251e+10 | AM11: 1.0344851e+10 | AN11: 1.0619662e+10
A12: =B12&"_"&D12 -> Total passengers_Vietnam | B12: Total passengers | C12: ASP | D12: Vietnam | E12: - | F12: ✓ | G12: - | H12: - | I12: - | J12: ✓ | K12: ✓ | L12: - | M12: - | N12: ✓ | O12: - | P12: ✓ | Q12: - | R12: 103549392 | S12: 1.1435839e+08 | T12: 1.2549494e+08 | U12: 1.3752562e+08 | V12: 1.4981063e+08 | W12: 1.6195374e+08 | X12: 1.7415233e+08 | Y12: 1.8643325e+08 | Z12: 1.9885554e+08 | AA12: 2.1146442e+08 | AB12: 2.2426837e+08 | AC12: 2.3725259e+08 | AD12: 2.5043998e+08 | AE12: 2.6373754e+08 | AF12: 2.7724005e+08 | AG12: 2.909633e+08 | AH12: 3.0491658e+08 | AI12: 3.1911271e+08 | AJ12: 3.3335208e+08 | AK12: 3.4783352e+08 | AL12: 3.625659e+08 | AM12: 3.7755931e+08 | AN12: 3.9282263e+08
A13: =B13&"_"&D13 -> Total aircraft movements_Vietnam | B13: Total aircraft movements | C13: ASP | D13: Vietnam | E13: - | F13: ✓ | G13: - | H13: - | I13: - | J13: ✓ | K13: ✓ | L13: - | M13: - | N13: ✓ | O13: - | P13: ✓ | Q13: - | R13: 651791 | S13: 697396.16 | T13: 744548.34 | U13: 798223.72 | V13: 857417.86 | W13: 920570.13 | X13: 983722.4 | Y13: 1046874.7 | Z13: 1110026.9 | AA13: 1173179.2 | AB13: 1236331.5 | AC13: 1299483.7 | AD13: 1362636 | AE13: 1425788.3 | AF13: 1488940.6 | AG13: 1552092.8 | AH13: 1615245.1 | AI13: 1678397.4 | AJ13: 1741549.6 | AK13: 1804701.9 | AL13: 1867854.2 | AM13: 1931006.4 | AN13: 1994158.7
... A20: =B20&"_"&D20 -> International passengers_Uruguay | B20: International passengers | C20: LAC | D20: Uruguay | E20: - | F20: ✓ | G20: - | H20: - | I20: - | J20: - | K20: - | L20: - | M20: - | N20: - | O20: - | P20: - | Q20: - | R20: 2269729 | S20: 2210415.6 | T20: 2300458.1 | U20: 2430624 | V20: 2560403.6 | W20: 2674576.1 | X20: 2791084.6 | Y20: 2911208.4 | Z20: 3035064.1 | AA20: 3162202 | AB20: 3290443.8 | AC20: 3421477.3 | AD20: 3555617.8 | AE20: 3691890 | AF20: 3829085 | AG20: 3969404.6 | AH20: 4113374.4 | AI20: 4261117 | AJ20: 4402020.6 | AK20: 4546025.4 | AL20: 4693259.9 | AM20: 4843823.4 | AN20: 4997715.9
A21: =B21&"_"&D21 -> Domestic passengers_Uruguay | B21: Domestic passengers | C21: LAC | D21: Uruguay | E21: - | F21: ✓ | G21: - | H21: - | I21: - | J21: - | K21: - | L21: - | M21: - | N21: - | O21: - | P21: - | Q21: -
A22: =B22&"_"&D22 -> Total passengers_United States | B22: Total passengers | C22: NAM | D22: United States | E22: ✓ | F22: - | G22: ✓ | H22: - | I22: - | J22: - | K22: - | L22: - | M22: - | N22: - | O22: - | P22: - | Q22: ✓ | R22: 1798788344 | S22: 1.8680117e+09 | T22: 1.9283483e+09 | U22: 1.9819497e+09 | V22: 2.0201485e+09 | W22: 2.0651663e+09 | X22: 2.0996538e+09 | Y22: 2.1454624e+09 | Z22: 2.1916638e+09 | AA22: 2.2383772e+09 | AB22: 2.2856185e+09 | AC22: 2.3334272e+09 | AD22: 2.3818848e+09 | AE22: 2.4310027e+09 | AF22: 2.4917118e+09 | AG22: 2.5423036e+09 | AH22: 2.604577e+09 | AI22: 2.6567496e+09 | AJ22: 2.7207063e+09 | AK22: 2.7855649e+09 | AL22: 2.8513303e+09 | AM22: 2.907062e+09 | AN22: 2.9747574e+09
A23: =B23&"_"&D23 -> Total aircraft movements_United States | B23: Total aircraft movements | C23: NAM | D23: United States | E23: ✓ | F23: - | G23: ✓ | H23: - | I23: - | J23: - | K23: - | L23: - | M23: - | N23: - | O23: - | P23: - | Q23: ✓ | R23: 30204652 | S23: 30895091 | T23: 31585491 | U23: 32104481 | V23: 32452105 | W23: 32631111 | X23: 32810116 | Y23: 32989121 | Z23: 33168127 | AA23: 33347132 | AB23: 33526137 | AC23: 33705143 | AD23: 33884148 | AE23: 34063153 | AF23: 34242159 | AG23: 34421164 | AH23: 34600169 | AI23: 34779174 | AJ23: 34958180 | AK23: 35137185 | AL23: 35316190 | AM23: 35495196 | AN23: 35674201
A24: =B24&"_"&D24 -> Total Cargo_United States | B24: Total Cargo | C24: NAM | D24: United States | E24: ✓ | F24: - | G24: ✓ | H24: - | I24: - | J24: - | K24: - | L24: - | M24: - | N24: - | O24: - | P24: - | Q24: ✓ | R24: 33326616 | S24: 33301584 | T24: 34170611 | U24: 34990656 | V24: 35579517 | W24: 35967606 | X24: 36237368 | Y24: 36568642 | Z24: 36917845 | AA24: 37271337 | AB24: 37619681 | AC24: 37964505 | AD24: 38309519 | AE24: 38655894 | AF24: 39058536 | AG24: 39405658 | AH24: 39808984 | AI24: 40157254 | AJ24: 40562110 | AK24: 40967954 | AL24: 41374650 | AM24: 41726066 | AN24: 42134445
A25: =B25&"_"&D25 -> International passengers_United States | B25: International passengers | C25: NAM | D25: United States | E25: ✓ | F25: - | G25: ✓ | H25: - | I25: - | J25: - | K25: - | L25: - | M25: - | N25: - | O25: - | P25: - | Q25: ✓ | R25: 238341574 | S25: 2.4912901e+08 | T25: 2.6144252e+08 | U25: 2.739138e+08 | V25: 2.87001e+08 | W25: 3.010923e+08 | X25: 3.1560443e+08 | Y25: 3.3055278e+08 | Z25: 3.4595372e+08 | AA25: 3.6182462e+08 | AB25: 3.7818387e+08 | AC25: 3.9505092e+08 | AD25: 4.1244637e+08 | AE25: 4.3039192e+08 | AF25: 4.4891054e+08 | AG25: 4.680264e+08 | AH25: 4.8776502e+08 | AI25: 5.0815327e+08 | AJ25: 5.2921947e+08 | AK25: 5.5099342e+08 | AL25: 5.735065e+08 | AM25: 5.9679172e+08 | AN25: 6.2088383e+08
A26: =B26&"_"&D26 -> Domestic passengers_United States | B26: Domestic passengers | C26: NAM | D26: United States | E26: ✓ | F26: - | G26: ✓ | H26: - | I26: - | J26: - | K26: - | L26: - | M26: - | N26: - | O26: - | P26: - | Q26: ✓ | R26: 1556898154 | S26: 1.615694e+09 | T26: 1.6637386e+09 | U26: 1.7048944e+09 | V26: 1.7300843e+09 | W26: 1.7611251e+09 | X26: 1.7812083e+09 | Y26: 1.8121707e+09 | Z26: 1.8430913e+09 | AA26: 1.8740243e+09 | AB26: 1.9049923e+09 | AC26: 1.9360354e+09 | AD26: 1.9671742e+09 | AE26: 1.9984371e+09 | AF26: 2.040713e+09 | AG26: 2.0722535e+09 | AH26: 2.1148651e+09 | AI26: 2.1467218e+09 | AJ26: 2.1896809e+09 | AK26: 2.2328304e+09 | AL26: 2.276156e+09 | AM26: 2.30866e+09 | AN26: 2.352318e+09
A27: =B27&"_"&D27 -> Total passengers_United Kingdom | B27: Total passengers | C27: EUR | D27: United Kingdom | E27: ✓ | F27: - | G27: ✓ | H27: - | I27: ✓ | J27: - | K27: - | L27: - | M27: - | N27: - | O27: - | P27: - | Q27: ✓ | R27: 296707841 | S27: 3.0415118e+08 | T27: 3.127339e+08 | U27: 3.2165143e+08 | V27: 3.3189248e+08 | W27: 3.4296298e+08 | X27: 3.5311377e+08 | Y27: 3.6259889e+08 | Z27: 3.7180416e+08 | AA27: 3.8092411e+08 | AB27: 3.9016355e+08 | AC27: 3.995191e+08 | AD27: 4.0898625e+08 | AE27: 4.1819578e+08 | AF27: 4.2724218e+08 | AG27: 4.363223e+08 | AH27: 4.4542566e+08 | AI27: 4.5454359e+08 | AJ27: 4.6367938e+08 | AK27: 4.7284665e+08 | AL27: 4.8205574e+08 | AM27: 4.9132128e+08 | AN27: 5.0065182e+08
A28: =B28&"_"&D28 -> Total aircraft movements_United Kingdom | B28: Total aircraft movements | C28: EUR | D28: United Kingdom | E28: ✓ | F28: - | G28: ✓ | H28: - | I28: ✓ | J28: - | K28: - | L28: - | M28: - | N28: - | O28: - | P28: - | Q28: ✓ | R28: 3183114 | S28: 3219913.5 | T28: 3273361.1 | U28: 3330941.9 | V28: 3385866.6 | W28: 3436393.5 | X28: 3485014.2 | Y28: 3532237 | Z28: 3578863.1 | AA28: 3625253.8 | AB28: 3671783.7 | AC28: 3718445.8 | AD28: 3765234 | AE28: 3811467.3 | AF28: 3857325.3 | AG28: 3903179.6 | AH28: 3949019.1 | AI28: 3994837.1 | AJ28: 4040648.8 | AK28: 4086489.2 | AL28: 4132388.2 | AM28: 4178379.8 | AN28: 4224487.1
A29: =B29&"_"&D29 -> Total Cargo_United Kingdom | B29: Total Cargo | C29: EUR | D29: United Kingdom | E29: ✓ | F29: - | G29: ✓ | H29: - | I29: ✓ | J29: - | K29: - | L29: - | M29: - | N29: - | O29: - | P29: - | Q29: ✓ | R29: 2836442.6 | S29: 2741168.2 | T29: 2758939.5 | U29: 2786614.8 | V29: 2818508.2 | W29: 2857411.7 | X29: 2896315.1 | Y29: 2935218.6 | Z29: 2974122 | AA29: 3013025.4 | AB29: 3051928.9 | AC29: 3090832.3 | AD29: 3129735.8 | AE29: 3168639.2 | AF29: 3207542.6 | AG29: 3246446.1 | AH29: 3285349.5 | AI29: 3324253 | AJ29: 3363156.4 | AK29: 3402059.8 | AL29: 3440963.3 | AM29: 3479866.7 | AN29: 3518770.2
A30: =B30&"_"&D30 -> International passengers_United Kingdom | B30: International passengers | C30: EUR | D30: United Kingdom | E30: ✓ | F30: - | G30: ✓ | H30: - | I30: ✓ | J30: - | K30: - | L30: - | M30: - | N30: - | O30: - | P30: - | Q30: ✓ | R30: 249361126 | S30: 2.5750035e+08 | T30: 2.655915e+08 | U30: 2.7367358e+08 | V30: 2.8302836e+08 | W30: 2.9326095e+08 | X30: 3.025688e+08 | Y30: 3.1120748e+08 | Z30: 3.1956409e+08 | AA30: 3.2783377e+08 | AB30: 3.3622177e+08 | AC30: 3.4472484e+08 | AD30: 3.5333856e+08 | AE30: 3.6169351e+08 | AF30: 3.6988445e+08 | AG30: 3.7810846e+08 | AH30: 3.8635513e+08 | AI30: 3.9461585e+08 | AJ30: 4.0289396e+08 | AK30: 4.1120316e+08 | AL30: 4.1955381e+08 | AM30: 4.2796059e+08 | AN30: 4.364321e+08
A31: =B31&"_"&D31 -> Domestic passengers_United Kingdom | B31: Domestic passengers | C31: EUR | D31: United Kingdom | E31: ✓ | F31: - | G31: ✓ | H31: - | I31: ✓ | J31: - | K31: - | L31: - | M31: - | N31: - | O31: - | P31: - | Q31: ✓ | R31: 47114977 | S31: 46434892 | T31: 46917952 | U31: 47756728 | V31: 48659738 | W31: 49522010 | X31: 50384282 | Y31: 51246554 | Z31: 52108826 | AA31: 52971098 | AB31: 53833370 | AC31: 54695642 | AD31: 55557913 | AE31: 56420185 | AF31: 57282457 | AG31: 58144729 | AH31: 59007001 | AI31: 59869273 | AJ31: 60731545 | AK31: 61593817 | AL31: 62456089 | AM31: 63318360 | AN31: 64180632
A32: =B32&"_"&D32 -> Total passengers_United Arab Emirates | B32: Total passengers | C32: MEA | D32: United Arab Emirates | E32: - | F32: ✓ | G32: - | H32: - | I32: - | J32: - | K32: - | L32: - | M32: - | N32: - | O32: - | P32: ✓ | Q32: - | R32: 123722816 | S32: 1.247909e+08 | T32: 1.2998864e+08 | U32: 1.3609126e+08 | V32: 1.4329785e+08 | W32: 1.5182999e+08 | X32: 1.6072826e+08 | Y32: 1.6995755e+08 | Z32: 1.7951166e+08 | AA32: 1.8941488e+08 | AB32: 1.9971485e+08 | AC32: 2.1037693e+08 | AD32: 2.2140224e+08 | AE32: 2.3274336e+08 | AF32: 2.4451021e+08 | AG32: 2.5671236e+08 | AH32: 2.6934813e+08 | AI32: 2.8235775e+08 | AJ32: 2.9575177e+08 | AK32: 3.0967365e+08 | AL32: 3.240336e+08 | AM32: 3.3888773e+08 | AN32: 3.5415471e+08
A33: =B33&"_"&D33 -> Total aircraft movements_United Arab Emirates | B33: Total aircraft movements | C33: MEA | D33: United Arab Emirates | E33: - | F33: ✓ | G33: - | H33: - | I33: - | J33: - | K33: - | L33: - | M33: - | N33: - | O33: - | P33: ✓ | Q33: - | R33: 757653 | S33: 728125.65 | T33: 759321.62 | U33: 786126.87 | V33: 813277.37 | W33: 842221.79 | X33: 871439.78 | Y33: 900886.9 | Z33: 930660.89 | AA33: 961055.83 | AB33: 992501.39 | AC33: 1024781.3 | AD33: 1057937.8 | AE33: 1091488.2 | AF33: 1126407.8 | AG33: 1162769.1 | AH33: 1200566 | AI33: 1239346.1 | AJ33: 1279086.4 | AK33: 1320963.7 | AL33: 1364303.2 | AM33: 1409527.2 | AN33: 1456020.6
... A35: =B35&"_"&D35 -> International passengers_United Arab Emirates | B35: International passengers | C35: MEA | D35: United Arab Emirates | E35: - | F35: ✓ | G35: - | H35: - | I35: - | J35: - | K35: - | L35: - | M35: - | N35: - | O35: - | P35: ✓ | Q35: - | R35: 123402400 | S35: 1.2465139e+08 | T35: 1.2986714e+08 | U35: 1.3596235e+08 | V35: 1.4316791e+08 | W35: 1.5170512e+08 | X35: 1.6060845e+08 | Y35: 1.698428e+08 | Z35: 1.7940195e+08 | AA35: 1.8931021e+08 | AB35: 1.9961522e+08 | AC35: 2.1028234e+08 | AD35: 2.2131269e+08 | AE35: 2.3265859e+08 | AF35: 2.4443023e+08 | AG35: 2.5663716e+08 | AH35: 2.6927772e+08 | AI35: 2.8229212e+08 | AJ35: 2.9569074e+08 | AK35: 3.0961721e+08 | AL35: 3.2398176e+08 | AM35: 3.3884049e+08 | AN35: 3.5411207e+08
A36: =B36&"_"&D36 -> Domestic passengers_United Arab Emirates | B36: Domestic passengers | C36: MEA | D36: United Arab Emirates | E36: - | F36: ✓ | G36: - | H36: - | I36: - | J36: - | K36: - | L36: - | M36: - | N36: - | O36: - | P36: ✓ | Q36: -
A37: =B37&"_"&D37 -> Total passengers_Ukraine | B37: Total passengers | C37: EUR | D37: Ukraine | E37: - | F37: ✓ | G37: - | H37: - | I37: - | J37: - | K37: - | L37: - | M37: - | N37: - | O37: - | P37: - | Q37: - | R37: 20547721 | S37: 25621968 | T37: 26869642 | U37: 28376921 | V37: 29293183 | W37: 30034718 | X37: 30729635 | Y37: 31415030 | Z37: 32098338 | AA37: 32781184 | AB37: 33463926 | AC37: 34146646 | AD37: 34829361 | AE37: 35512074 | AF37: 36194788 | AG37: 36877501 | AH37: 37560215 | AI37: 38242928 | AJ37: 38925641 | AK37: 39608355 | AL37: 40291068 | AM37: 40973781 | AN37: 41656495
A38: =B38&"_"&D38 -> Total aircraft movements_Ukraine | B38: Total aircraft movements | C38: EUR | D38: Ukraine | E38: - | F38: ✓ | G38: - | H38: - | I38: - | J38: - | K38: - | L38: - | M38: - | N38: - | O38: - | P38: - | Q38: - | R38: 170003 | S38: 198577.82 | T38: 209575.65 | U38: 217720.59 | V38: 225082.53 | W38: 230030.43 | X38: 234978.33 | Y38: 239926.22 | Z38: 244874.12 | AA38: 249822.02 | AB38: 254769.91 | AC38: 259717.81 | AD38: 264665.71 | AE38: 269613.61 | AF38: 274561.5 | AG38: 279509.4 | AH38: 284457.3 | AI38: 289405.19 | AJ38: 294353.09 | AK38: 299300.99 | AL38: 304248.89 | AM38: 309196.78 | AN38: 314144.68
A39: =B39&"_"&D39 -> Total Cargo_Ukraine | B39: Total Cargo | C39: EUR | D39: Ukraine | E39: - | F39: ✓ | G39: - | H39: - | I39: - | J39: - | K39: - | L39: - | M39: - | N39: - | O39: - | P39: - | Q39: - | R39: 51441.92 | S39: 51965.258 | T39: 52558.279 | U39: 54410.697 | V39: 56393.873 | W39: 58497.882 | X39: 60593.635 | Y39: 62681.48 | Z39: 64761.738 | AA39: 66834.703 | AB39: 68900.652 | AC39: 70959.84 | AD39: 73012.505 | AE39: 75058.87 | AF39: 77099.145 | AG39: 79133.524 | AH39: 81162.193 | AI39: 83185.325 | AJ39: 85203.083 | AK39: 87215.622 | AL39: 89223.09 | AM39: 91225.624 | AN39: 93223.356
A40: =B40&"_"&D40 -> International passengers_Ukraine | B40: International passengers | C40: EUR | D40: Ukraine | E40: - | F40: ✓ | G40: - | H40: - | I40: - | J40: - | K40: - | L40: - | M40: - | N40: - | O40: - | P40: - | Q40: - | R40: 17981038 | S40: 22877053 | T40: 24039402 | U40: 25433367 | V40: 26240417 | W40: 26910005 | X40: 27533184 | Y40: 28146864 | Z40: 28758459 | AA40: 29369591 | AB40: 29980621 | AC40: 30591628 | AD40: 31202629 | AE40: 31813630 | AF40: 32424631 | AG40: 33035631 | AH40: 33646632 | AI40: 34257632 | AJ40: 34868632 | AK40: 35479633 | AL40: 36090633 | AM40: 36701634 | AN40: 37312634
A41: =B41&"_"&D41 -> Domestic passengers_Ukraine | B41: Domestic passengers | C41: EUR | D41: Ukraine | E41: - | F41: ✓ | G41: - | H41: - | I41: - | J41: - | K41: - | L41: - | M41: - | N41: - | O41: - | P41: - | Q41: - | R41: 2075156 | S41: 2253388.4 | T41: 2338712.6 | U41: 2444748.3 | V41: 2552472.8 | W41: 2624185.8 | X41: 2695898.7 | Y41: 2767611.6 | Z41: 2839324.6 | AA41: 2911037.5 | AB41: 2982750.4 | AC41: 3054463.3 | AD41: 3126176.3 | AE41: 3197889.2 | AF41: 3269602.1 | AG41: 3341315.1 | AH41: 3413028 | AI41: 3484740.9 | AJ41: 3556453.9 | AK41: 3628166.8 | AL41: 3699879.7 | AM41: 3771592.7 | AN41: 3843305.6
A42: =B42&"_"&D42 -> Total passengers_Uganda | B42: Total passengers | C42: AFR | D42: Uganda | E42: - | F42: ✓ | G42: - | H42: - | I42: - | J42: - | K42: - | L42: ✓ | M42: - | N42: - | O42: - | P42: - | Q42: - | R42: 1871423 | S42: 2036874.7 | T42: 2222734.9 | U42: 2321538.9 | V42: 2407324.1 | W42: 2519537.8 | X42: 2633831.7 | Y42: 2750147.6 | Z42: 2868461.1 | AA42: 2988755.8 | AB42: 3111017.5 | AC42: 3235233.1 | AD42: 3361389.7 | AE42: 3489474.9 | AF42: 3619476.7 | AG42: 3751383.4 | AH42: 3885183.7 | AI42: 4020866.5 | AJ42: 4158421.1 | AK42: 4297836.9 | AL42: 4439103.7 | AM42: 4582211.6 | AN42: 4727150.9
A43: =B43&"_"&D43 -> Total aircraft movements_Uganda | B43: Total aircraft movements | C43: AFR | D43: Uganda | E43: - | F43: ✓ | G43: - | H43: - | I43: - | J43: - | K43: - | L43: ✓ | M43: - | N43: - | O43: - | P43: - | Q43: - | R43: 40750 | S43: 41754.813 | T43: 43659.192 | U43: 44454.326 | V43: 45556.99 | W43: 46908.906 | X43: 48260.822 | Y43: 49612.738 | Z43: 50964.653 | AA43: 52316.569 | AB43: 53668.485 | AC43: 55020.401 | AD43: 56372.317 | AE43: 57724.232 | AF43: 59076.148 | AG43: 60428.064 | AH43: 61779.98 | AI43: 63131.896 | AJ43: 64483.811 | AK43: 65835.727 | AL43: 67187.643 | AM43: 68539.559 | AN43: 69891.475
A44: =B44&"_"&D44 -> Total Cargo_Uganda | B44: Total Cargo | C44: AFR | D44: Uganda | E44: - | F44: ✓ | G44: - | H44: - | I44: - | J44: - | K44: - | L44: ✓ | M44: - | N44: - | O44: - | P44: - | Q44: - | R44: 63998 | S44: 63828.064 | T44: 66138.462 | U44: 67069.82 | V44: 68519.861 | W44: 70734.937 | X44: 73006.039 | Y44: 75306.16 | Z44: 77656.649 | AA44: 80108.771 | AB44: 82584.079 | AC44: 85104.431 | AD44: 87723.591 | AE44: 90431.051 | AF44: 93219.103 | AG44: 96131.031 | AH44: 99175.721 | AI44: 102243.54 | AJ44: 105439.87 | AK44: 108775.33 | AL44: 112133.74 | AM44: 115634.03 | AN44: 119280.66
A45: =B45&"_"&D45 -> International passengers_Uganda | B45: International passengers | C45: AFR | D45: Uganda | E45: - | F45: ✓ | G45: - | H45: - | I45: - | J45: - | K45: - | L45: ✓ | M45: - | N45: - | O45: - | P45: - | Q45: - | R45: 1670232 | S45: 1801793.8 | T45: 1936268.8 | U45: 2025074.4 | V45: 2103798.4 | W45: 2205759.8 | X45: 2309801.3 | Y45: 2415864.9 | Z45: 2523926.1 | AA45: 2633968.5 | AB45: 2745978 | AC45: 2859941.2 | AD45: 2975845.5 | AE45: 3093678.4 | AF45: 3213427.9 | AG45: 3335082.4 | AH45: 3458630.4 | AI45: 3584060.9 | AJ45: 3711363.1 | AK45: 3840526.6 | AL45: 3971541.2 | AM45: 4104396.8 | AN45: 4239083.7
A46: =B46&"_"&D46 -> Domestic passengers_Uganda | B46: Domestic passengers | C46: AFR | D46: Uganda | E46: - | F46: ✓ | G46: - | H46: - | I46: - | J46: - | K46: - | L46: ✓ | M46: - | N46: - | O46: - | P46: - | Q46: -
A47: =B47&"_"&D47 -> Total passengers_Turkey | B47: Total passengers | C47: EUR | D47: Turkey | E47: - | F47: ✓ | G47: - | H47: - | I47: - | J47: - | K47: - | L47: - | M47: - | N47: ✓ | O47: ✓ | P47: ✓ | Q47: - | R47: 210866116 | S47: 2.083823e+08 | T47: 2.2631596e+08 | U47: 2.3882777e+08 | V47: 2.5318495e+08 | W47: 2.6804016e+08 | X47: 2.8265173e+08 | Y47: 2.9741376e+08 | Z47: 3.1206782e+08 | AA47: 3.2662274e+08 | AB47: 3.4120391e+08 | AC47: 3.55798e+08 | AD47: 3.7033233e+08 | AE47: 3.8508172e+08 | AF47: 4.0011485e+08 | AG47: 4.1553126e+08 | AH47: 4.3122844e+08 | AI47: 4.4728753e+08 | AJ47: 4.6365851e+08 | AK47: 4.8040741e+08 | AL47: 4.9744712e+08 | AM47: 5.1491282e+08 | AN47: 5.3261154e+08
A48: =B48&"_"&D48 -> Total aircraft movements_Turkey | B48: Total aircraft movements | C48: EUR | D48: Turkey | E48: - | F48: ✓ | G48: - | H48: - | I48: - | J48: - | K48: - | L48: - | M48: - | N48: ✓ | O48: ✓ | P48: ✓ | Q48: - | R48: 1544164 | S48: 1546304.7 | T48: 1564711.8 | U48: 1596177.4 | V48: 1648092 | W48: 1723182.7 | X48: 1800445.5 | Y48: 1877635.4 | Z48: 1952728.5 | AA48: 2024995.5 | AB48: 2096887.4 | AC48: 2166898.4 | AD48: 2236098 | AE48: 2305270.6 | AF48: 2376420.3 | AG48: 2448832.2 | AH48: 2522261.3 | AI48: 2596496.6 | AJ48: 2671579.1 | AK48: 2747652.3 | AL48: 2824710.9 | AM48: 2902744 | AN48: 2981732
